sid,time,altitude,acceleration,acceleration-X,acceleration-Y,acceleration-Z,SPS,Reliability,RSSI
16818,0.159,0.00,1.05,-1.03,0.20,-0.10,0.00,100.0,-55
16819,0.260,0.02,1.17,-1.13,0.29,-0.15,0.00,100.0,-55
16820,0.360,0.03,1.03,-0.98,0.29,-0.10,0.00,100.0,-55
16821,0.461,0.03,1.00,-0.98,0.20,-0.05,0.00,100.0,-55
16822,0.561,0.02,1.22,-1.18,0.29,-0.10,0.00,100.0,-55
16823,0.661,0.02,1.02,-0.98,0.29,0.00,0.00,100.0,-55
16824,0.762,0.05,1.07,-1.03,0.20,-0.20,9.94,100.0,-56
16825,0.846,0.04,1.08,-1.03,0.20,-0.24,9.49,100.0,-56
16826,0.931,0.06,1.06,-1.03,0.20,-0.15,9.08,100.0,-56
16827,1.015,0.06,1.04,-1.03,0.15,-0.10,8.71,100.0,-56
16828,1.099,0.02,1.11,-1.08,0.20,-0.15,8.36,100.0,-56
16829,1.184,0.05,1.10,-1.08,0.20,-0.10,8.04,100.0,-56
16830,1.268,0.09,1.13,-1.08,0.24,-0.24,10.82,100.0,-54
16831,1.351,-0.04,1.09,-1.03,0.24,-0.24,10.55,100.0,-54
16832,1.434,0.02,1.12,-1.08,0.24,-0.20,10.29,100.0,-54
16833,1.518,0.02,1.09,-1.03,0.24,-0.24,10.05,100.0,-54
16834,1.601,0.10,1.13,-1.08,0.24,-0.24,9.81,100.0,-54
16835,1.684,0.09,1.08,-1.03,0.24,-0.20,9.59,100.0,-54
16836,1.767,0.09,1.14,-1.08,0.29,-0.24,11.20,100.0,-55
16837,1.851,0.08,1.17,-1.08,0.34,-0.29,11.00,100.0,-55
16838,1.935,0.09,1.10,-1.03,0.29,-0.24,10.81,100.0,-55
16839,2.019,0.09,1.16,-1.08,0.34,-0.24,10.63,100.0,-55
16840,2.103,0.10,1.10,-1.03,0.29,-0.24,10.45,100.0,-55
16841,2.187,0.04,1.17,-1.08,0.29,-0.34,10.28,100.0,-55
16842,2.271,0.09,1.13,-1.08,0.29,-0.15,11.36,100.0,-56
16878,5.484,0.07,1.11,-0.98,0.34,-0.39,12.39,100.0,-53
16879,5.587,0.00,1.09,-0.98,0.34,-0.34,12.33,100.0,-53
16884,5.986,0.13,1.19,-1.08,0.24,-0.44,12.36,100.0,-54
16885,6.069,0.12,1.12,-1.03,0.29,-0.34,12.30,100.0,-54
16886,6.153,0.08,1.16,-1.03,0.29,-0.44,12.24,100.0,-54
16887,6.236,0.08,1.10,-0.98,0.29,-0.39,12.18,100.0,-54
16888,6.320,0.07,1.11,-0.98,0.29,-0.44,12.12,100.0,-54
16889,6.404,0.02,1.20,-1.08,0.39,-0.34,12.06,100.0,-54
16890,6.487,0.11,1.13,-1.08,0.29,-0.15,11.38,100.0,-54
16891,6.571,0.01,1.03,-0.98,0.29,-0.10,11.33,100.0,-54
16892,6.654,0.01,1.13,-1.08,0.29,-0.20,11.28,100.0,-54
16893,6.738,0.01,1.05,-0.98,0.24,-0.29,11.23,100.0,-54
16894,6.822,0.11,1.11,-1.03,0.24,-0.34,11.18,100.0,-54
16895,6.905,0.10,1.16,-1.08,0.24,-0.34,11.13,100.0,-54
16896,6.989,0.11,1.17,-1.08,0.29,-0.34,11.42,100.0,-54
16897,7.090,0.03,1.14,-1.03,0.34,-0.34,11.37,100.0,-54
16898,7.191,0.06,1.17,-1.08,0.34,-0.29,11.33,100.0,-54
16899,7.292,0.06,1.14,-1.03,0.34,-0.34,11.28,100.0,-54
16900,7.393,0.07,1.11,-1.03,0.39,-0.15,11.23,100.0,-54
16901,7.494,0.03,1.15,-1.08,0.39,-0.10,11.19,100.0,-54
16902,7.595,0.08,1.10,-1.03,0.29,-0.24,11.30,100.0,-55
16903,7.679,0.01,1.09,-1.03,0.34,-0.10,11.25,100.0,-55
16904,7.763,0.01,1.11,-1.03,0.39,-0.10,11.21,100.0,-55
16905,7.847,0.01,1.17,-1.08,0.44,-0.05,11.17,100.0,-55
16906,7.930,-0.08,1.12,-0.98,0.54,-0.05,11.13,100.0,-55
16907,8.014,0.02,1.08,-0.93,0.54,-0.05,11.08,100.0,-55
16908,8.098,0.07,1.07,-1.03,0.29,-0.10,11.34,100.0,-55
16909,8.182,0.03,1.07,-1.03,0.29,-0.05,11.30,100.0,-55
16910,8.265,0.07,1.09,-1.03,0.34,-0.05,11.26,100.0,-55
16911,8.349,0.07,1.03,-0.98,0.29,-0.15,11.22,100.0,-55
16912,8.433,0.03,1.10,-1.03,0.29,-0.24,11.18,100.0,-55
16913,8.516,0.14,1.06,-0.98,0.29,-0.29,11.14,100.0,-55
16914,8.600,0.18,1.12,-1.08,0.29,-0.05,11.37,100.0,-56
16915,8.684,0.08,1.11,-1.03,0.39,-0.15,11.33,100.0,-56
16916,8.767,0.12,1.14,-1.08,0.34,-0.10,11.30,100.0,-56
16917,8.851,0.12,1.09,-1.03,0.34,-0.10,11.26,100.0,-56
16918,8.935,0.10,1.07,-1.03,0.29,-0.10,11.22,100.0,-56
16919,9.018,0.11,1.08,-1.03,0.29,-0.15,11.18,100.0,-56
16920,9.102,0.18,1.08,-1.03,0.24,-0.20,11.41,100.0,-56
16921,9.203,0.13,1.09,-1.03,0.29,-0.20,11.37,100.0,-56
16922,9.303,0.11,1.08,-1.03,0.24,-0.20,11.33,100.0,-56
16923,9.404,0.11,1.10,-1.03,0.29,-0.24,11.30,100.0,-56
16924,9.504,0.17,1.11,-1.03,0.24,-0.34,11.26,100.0,-56
16925,9.604,0.14,1.18,-1.08,0.29,-0.39,11.23,100.0,-56
16926,9.705,0.18,1.07,-1.03,0.10,-0.29,11.31,100.0,-56
16927,9.789,0.14,1.13,-1.03,0.15,-0.44,11.28,100.0,-56
16928,9.872,0.08,1.16,-1.03,0.20,-0.49,11.25,100.0,-56
16929,9.956,0.08,1.16,-1.03,0.20,-0.49,11.21,100.0,-56
16930,10.040,0.09,1.15,-1.03,0.24,-0.44,11.18,100.0,-56
16931,10.123,0.13,1.21,-1.08,0.24,-0.49,11.15,100.0,-56
16932,10.207,0.18,1.11,-1.03,0.29,-0.29,11.35,100.0,-55
16933,10.291,0.20,1.13,-1.08,0.29,-0.20,11.31,100.0,-55
16934,10.375,0.15,1.16,-1.08,0.29,-0.29,11.28,100.0,-55
16935,10.459,0.15,1.14,-1.08,0.24,-0.29,11.25,100.0,-55
16936,10.542,0.16,1.09,-1.03,0.24,-0.24,11.22,100.0,-55
16937,10.626,0.16,1.09,-1.03,0.24,-0.24,11.19,100.0,-55
16938,10.710,0.18,1.07,-1.03,0.24,-0.15,11.37,100.0,-57
16939,10.794,0.20,1.13,-1.08,0.29,-0.20,11.34,100.0,-57
16940,10.877,0.19,1.03,-0.98,0.29,-0.10,11.31,100.0,-57
16941,10.961,0.19,1.03,-0.98,0.29,-0.15,11.28,100.0,-57
16942,11.045,0.19,1.04,-0.98,0.29,-0.20,11.25,100.0,-57
16943,11.128,0.20,1.06,-1.03,0.24,-0.10,11.22,100.0,-57
16944,11.212,0.24,1.15,-1.08,0.34,-0.20,11.40,100.0,-56
16945,11.296,0.20,1.08,-1.03,0.29,-0.15,11.37,100.0,-56
16946,11.379,0.20,1.03,-0.98,0.29,-0.10,11.34,100.0,-56
16947,11.463,0.20,1.09,-1.03,0.34,-0.15,11.31,100.0,-56
16948,11.547,0.16,1.09,-1.03,0.34,-0.15,11.28,100.0,-56
16949,11.630,0.19,1.07,-1.03,0.29,-0.10,11.25,100.0,-56
16950,11.714,0.24,1.12,-1.08,0.29,-0.05,11.42,100.0,-55
16951,11.815,0.22,1.07,-1.03,0.29,-0.10,11.40,100.0,-55
16952,11.915,0.29,1.08,-1.03,0.29,-0.15,11.37,100.0,-55
16953,12.015,0.29,1.07,-1.03,0.29,-0.10,11.34,100.0,-55
16954,12.116,0.22,1.04,-0.98,0.34,-0.10,11.31,100.0,-55
16955,12.216,0.23,1.14,-1.08,0.29,-0.24,11.28,100.0,-55
16956,12.317,0.28,1.08,-1.03,0.29,-0.15,11.35,100.0,-55
16957,12.401,0.24,1.09,-1.03,0.34,-0.15,11.35,100.0,-55
16958,12.484,0.31,1.09,-1.03,0.34,-0.15,11.35,100.0,-55
16959,12.568,0.31,1.07,-1.03,0.24,-0.15,11.35,100.0,-55
16960,12.652,0.30,1.03,-0.98,0.29,-0.10,11.35,100.0,-55
16961,12.735,0.25,1.07,-1.03,0.24,-0.15,11.35,100.0,-55
16962,12.819,0.32,1.12,-1.08,0.24,-0.20,11.45,100.0,-55
16963,12.903,0.34,1.07,-1.03,0.29,-0.10,11.45,100.0,-55
16964,12.987,0.32,1.07,-0.98,0.39,-0.20,11.45,100.0,-55
16965,13.070,0.32,1.16,-1.08,0.39,-0.20,11.45,100.0,-55
16966,13.154,0.32,1.14,-1.03,0.39,-0.29,11.45,100.0,-55
16967,13.238,0.29,1.12,-1.03,0.44,-0.10,11.45,100.0,-55
16968,13.322,0.36,1.19,-1.13,0.34,-0.20,11.45,100.0,-54
16969,13.405,0.29,1.06,-0.98,0.29,-0.29,11.45,100.0,-54
16970,13.489,0.29,1.14,-1.08,0.29,-0.24,11.45,100.0,-54
16971,13.572,0.29,1.16,-1.08,0.29,-0.29,11.45,100.0,-54
16972,13.656,0.21,1.21,-1.13,0.34,-0.29,11.45,100.0,-54
16973,13.739,0.25,1.20,-1.13,0.34,-0.24,11.45,100.0,-54
16974,13.823,0.27,1.20,-1.08,0.20,-0.49,11.45,100.0,-54
16975,13.923,0.24,1.12,-1.03,0.20,-0.39,11.45,100.0,-54
16976,14.024,0.27,1.06,-0.98,0.29,-0.29,11.45,100.0,-54
16977,14.124,0.27,1.11,-1.03,0.24,-0.34,11.45,100.0,-54
16978,14.224,0.20,1.18,-1.13,0.29,-0.20,11.45,100.0,-54
16979,14.325,0.21,1.13,-1.08,0.29,-0.15,11.45,100.0,-54
16980,14.425,0.28,1.09,-1.03,0.20,-0.29,11.36,100.0,-54
16981,14.509,0.28,1.08,-1.03,0.15,-0.29,10.70,100.0,-54
16982,14.593,0.26,1.00,-0.93,0.20,-0.29,10.70,100.0,-54
16983,14.677,0.26,1.11,-1.08,0.15,-0.24,10.56,100.0,-54
16984,14.760,0.24,1.11,-1.08,0.10,-0.24,10.56,100.0,-54
16985,14.844,0.29,1.10,-1.08,0.15,-0.15,10.56,100.0,-54
16986,14.928,0.29,1.17,-1.03,0.10,-0.54,10.84,100.0,-54
16987,15.011,0.22,1.11,-1.03,0.24,-0.34,10.84,100.0,-54
16988,15.095,0.21,1.07,-1.03,0.29,-0.10,10.84,100.0,-54
16989,15.178,0.21,1.06,-1.03,0.24,-0.05,11.26,100.0,-54
16990,15.261,0.17,1.05,-1.03,0.20,-0.05,11.26,100.0,-54
16991,15.345,0.20,1.14,-1.13,0.10,-0.10,11.26,100.0,-54
16992,15.428,0.23,1.08,-1.03,0.20,-0.24,11.52,100.0,-54
16993,15.512,0.23,1.08,-1.03,0.20,-0.24,11.52,100.0,-54
16994,15.596,0.22,1.06,-1.03,0.15,-0.20,11.52,100.0,-54
16995,15.681,0.22,1.05,-1.03,0.10,-0.20,11.26,100.0,-54
16996,15.765,0.21,1.10,-1.08,0.10,-0.20,11.26,100.0,-54
16997,15.849,0.19,1.07,-1.03,0.05,-0.29,11.26,100.0,-54
16998,15.933,0.20,1.15,-1.08,0.20,-0.34,11.52,100.0,-53
16999,16.033,0.20,1.13,-1.08,0.24,-0.24,11.52,100.0,-53
17000,16.134,0.20,1.07,-1.03,0.15,-0.24,11.52,100.0,-53
17001,16.234,0.20,1.09,-1.03,0.20,-0.29,11.40,100.0,-53
17002,16.334,0.22,1.09,-1.03,0.20,-0.29,11.40,100.0,-53
17003,16.435,0.18,1.18,-1.08,0.34,-0.34,11.40,100.0,-53
17004,16.535,0.27,1.11,-1.08,0.20,-0.20,11.52,100.0,-53
17005,16.619,0.25,1.08,-1.03,0.20,-0.24,11.52,100.0,-53
17006,16.703,0.28,1.11,-1.08,0.20,-0.20,11.52,100.0,-53
17007,16.787,0.28,1.13,-1.08,0.24,-0.24,11.26,100.0,-53
17008,16.870,0.19,1.02,-0.98,0.20,-0.20,11.26,100.0,-53
17009,16.954,0.20,1.06,-1.03,0.20,-0.15,11.26,100.0,-53
17010,17.038,0.22,1.11,-1.08,0.24,-0.15,11.52,100.0,-54
17011,17.122,0.22,1.04,-0.98,0.24,-0.24,11.52,100.0,-54
17012,17.205,0.24,1.11,-1.08,0.24,-0.10,11.52,100.0,-54
17013,17.289,0.24,1.05,-1.03,0.20,-0.05,11.26,100.0,-54
17014,17.373,0.22,1.10,-1.08,0.20,0.00,11.26,100.0,-54
17015,17.456,0.17,1.05,-1.03,0.20,-0.10,11.26,100.0,-54
17016,17.540,0.14,1.11,-1.08,0.15,-0.24,11.52,100.0,-53
17017,17.624,0.18,1.13,-1.08,0.15,-0.29,11.52,100.0,-53
17018,17.707,0.21,1.09,-1.03,0.20,-0.29,11.52,100.0,-53
17019,17.791,0.21,1.10,-1.03,0.20,-0.34,11.26,100.0,-53
17020,17.875,0.16,1.02,-0.98,0.20,-0.20,11.26,100.0,-53
17021,17.958,0.16,1.07,-1.03,0.20,-0.20,11.26,100.0,-53
17022,18.042,0.25,1.12,-1.08,0.24,-0.20,11.52,100.0,-54
17023,18.126,0.22,1.09,-1.03,0.29,-0.20,11.52,100.0,-54
17024,18.210,0.15,1.13,-1.08,0.29,-0.15,11.52,100.0,-54
17025,18.294,0.15,1.13,-1.08,0.29,-0.15,11.40,100.0,-54
17026,18.377,0.07,1.08,-1.03,0.24,-0.20,11.40,100.0,-54
17027,18.461,0.13,1.19,-1.13,0.29,-0.24,11.40,100.0,-54
17028,18.545,0.15,1.13,-1.08,0.24,-0.24,11.65,100.0,-54
17029,18.645,0.06,1.06,-1.03,0.20,-0.15,11.65,100.0,-54
17030,18.746,0.17,1.11,-1.08,0.24,-0.15,11.65,100.0,-54
17031,18.846,0.17,1.09,-1.08,0.10,-0.10,11.40,100.0,-54
17032,18.946,0.06,1.11,-1.08,0.24,-0.15,11.40,100.0,-54
17033,19.047,0.09,1.10,-1.08,0.20,-0.10,11.40,100.0,-54
17034,19.147,0.15,1.19,-1.13,0.24,-0.29,11.52,100.0,-55
17035,19.231,0.22,1.07,-1.03,0.20,-0.20,11.52,100.0,-55
17036,19.314,0.21,1.08,-1.03,0.24,-0.20,11.52,100.0,-55
17037,19.398,0.21,1.06,-1.03,0.15,-0.20,11.26,100.0,-55
17038,19.482,0.20,1.08,-1.03,0.20,-0.24,11.26,100.0,-55
17039,19.565,0.20,1.11,-1.08,0.20,-0.15,11.26,100.0,-55
17040,19.649,0.23,1.12,-1.08,0.20,-0.24,11.52,100.0,-53
17041,19.733,0.16,1.09,-1.03,0.20,-0.29,11.52,100.0,-53
17042,19.817,0.17,1.07,-1.03,0.20,-0.20,11.52,100.0,-53
17043,19.901,0.17,1.06,-1.03,0.15,-0.20,11.26,100.0,-53
17044,19.984,0.09,1.12,-1.08,0.24,-0.20,11.26,100.0,-53
17045,20.068,0.11,1.12,-1.08,0.20,-0.24,11.26,100.0,-53
17046,20.152,0.28,1.07,-1.03,0.20,-0.20,11.52,100.0,-53
17047,20.236,0.25,1.08,-1.03,0.20,-0.24,11.52,100.0,-53
17048,20.319,0.23,1.07,-1.03,0.20,-0.20,11.52,100.0,-53
17049,20.403,0.23,1.08,-1.03,0.20,-0.24,11.26,100.0,-53
17050,20.487,0.15,1.03,-0.98,0.20,-0.24,11.26,100.0,-53
17051,20.570,0.20,1.13,-1.08,0.24,-0.24,11.26,100.0,-53
17052,20.654,0.28,1.11,-1.08,0.15,-0.20,11.52,100.0,-53
17053,20.755,0.18,1.05,-1.03,0.20,-0.10,11.52,100.0,-53
17054,20.855,0.18,1.11,-1.08,0.20,-0.15,11.52,100.0,-53
17055,20.956,0.18,1.07,-1.03,0.20,-0.20,11.40,100.0,-53
17056,21.057,0.19,1.05,-1.03,0.15,-0.15,11.40,100.0,-53
17057,21.157,0.20,1.01,-0.98,0.15,-0.20,11.40,100.0,-53
17058,21.258,0.20,1.10,-1.08,0.15,-0.15,11.52,100.0,-54
17059,21.341,0.17,1.11,-1.08,0.20,-0.15,11.52,100.0,-54
17060,21.425,0.12,1.11,-1.08,0.20,-0.20,11.52,100.0,-54
17061,21.508,0.12,1.01,-0.98,0.15,-0.20,11.26,100.0,-54
17062,21.592,0.06,1.05,-1.03,0.20,-0.10,11.26,100.0,-54
17063,21.675,0.10,1.06,-1.03,0.20,-0.15,11.26,100.0,-54
17064,21.759,0.14,1.10,-1.08,0.15,-0.15,11.52,100.0,-54
17065,21.843,0.08,1.11,-1.08,0.15,-0.20,11.52,100.0,-54
17066,21.927,0.10,1.06,-1.03,0.20,-0.15,11.52,100.0,-54
17067,22.011,0.10,1.11,-1.08,0.20,-0.20,11.26,100.0,-54
17068,22.094,0.13,1.11,-1.08,0.20,-0.15,11.26,100.0,-54
17069,22.178,0.10,1.13,-1.08,0.24,-0.24,11.26,100.0,-54
17070,22.262,0.14,1.11,-1.08,0.20,-0.20,11.52,100.0,-58
17071,22.345,0.07,1.15,-1.13,0.20,-0.15,11.52,100.0,-58
17072,22.429,0.08,1.12,-1.08,0.24,-0.20,11.52,100.0,-58
17073,22.512,0.08,1.05,-1.03,0.20,-0.10,11.26,100.0,-58
17074,22.595,0.13,1.04,-1.03,0.15,-0.10,11.26,100.0,-58
17075,22.679,0.10,1.06,-1.03,0.15,-0.20,11.26,100.0,-58
17076,22.762,0.19,1.11,-1.08,0.15,-0.20,11.52,100.0,-59
17077,22.863,0.19,1.08,-1.03,0.20,-0.24,11.52,100.0,-59
17078,22.963,0.17,1.04,-0.98,0.24,-0.24,11.52,100.0,-59
17079,23.064,0.17,1.11,-1.08,0.20,-0.15,11.40,100.0,-59
17080,23.165,0.10,1.09,-1.03,0.24,-0.24,11.40,100.0,-59
17081,23.265,0.12,1.11,-1.08,0.24,-0.10,11.40,100.0,-59
17082,23.366,0.13,1.11,-1.08,0.15,-0.20,11.52,100.0,-59
17083,23.450,0.05,1.07,-1.03,0.20,-0.20,11.52,100.0,-59
17084,23.533,0.02,1.08,-1.03,0.20,-0.24,11.52,100.0,-59
17085,23.617,0.02,1.07,-1.03,0.20,-0.20,11.26,100.0,-59
17086,23.701,0.07,1.07,-1.03,0.20,-0.20,11.26,100.0,-59
17087,23.784,0.06,1.07,-1.03,0.20,-0.20,11.26,100.0,-59
17088,23.868,0.12,1.06,-1.03,0.15,-0.20,11.52,100.0,-58
17089,23.952,0.10,1.08,-1.03,0.20,-0.24,11.52,100.0,-58
17090,24.036,0.13,1.07,-1.03,0.15,-0.24,11.52,100.0,-58
17091,24.119,0.13,1.07,-1.03,0.20,-0.20,11.26,100.0,-58
17092,24.203,0.10,1.12,-1.08,0.24,-0.20,11.26,100.0,-58
17093,24.287,0.12,1.08,-1.03,0.20,-0.24,11.26,100.0,-58
17094,24.371,0.15,1.06,-1.03,0.15,-0.20,11.52,100.0,-67
17095,24.455,0.14,1.06,-1.03,0.10,-0.24,11.52,100.0,-67
17096,24.538,0.02,1.11,-1.08,0.15,-0.20,11.52,100.0,-67
17097,24.622,0.02,1.05,-1.03,0.15,-0.15,11.26,100.0,-67
17098,24.706,0.07,1.01,-0.98,0.15,-0.20,11.26,100.0,-67
17099,24.789,0.05,1.12,-1.08,0.20,-0.24,11.26,100.0,-67
17100,24.873,0.09,1.11,-1.08,0.15,-0.24,11.52,100.0,-59
17101,24.957,0.05,1.12,-1.08,0.20,-0.24,11.52,100.0,-59
17102,25.040,0.11,1.12,-1.08,0.24,-0.20,11.52,100.0,-59
17103,25.124,0.11,1.11,-1.08,0.24,-0.15,11.40,100.0,-59
17104,25.208,0.10,1.07,-1.03,0.20,-0.20,11.40,100.0,-59
17105,25.291,0.09,1.08,-1.03,0.20,-0.24,11.40,100.0,-59
17106,25.375,0.08,1.11,-1.08,0.20,-0.15,11.65,100.0,-55
17107,25.476,0.05,1.07,-1.03,0.20,-0.20,11.65,100.0,-55
17108,25.576,0.11,1.07,-1.03,0.20,-0.20,11.65,100.0,-55
17109,25.677,0.11,1.08,-1.03,0.24,-0.20,11.40,100.0,-55
17110,25.777,0.06,1.04,-1.03,0.15,-0.10,11.40,100.0,-55
17111,25.878,0.01,1.11,-1.08,0.15,-0.20,11.40,100.0,-55
17112,25.978,0.05,1.11,-1.08,0.15,-0.20,11.52,100.0,-55
17113,26.062,-0.01,1.08,-1.03,0.20,-0.24,11.52,100.0,-55
17114,26.145,0.02,1.06,-1.03,0.15,-0.20,11.52,100.0,-55
17115,26.229,0.02,1.11,-1.08,0.20,-0.20,11.26,100.0,-55
17116,26.313,0.01,1.07,-1.03,0.20,-0.20,11.26,100.0,-55
17117,26.396,0.06,1.11,-1.08,0.20,-0.20,11.26,100.0,-55
17118,26.480,0.09,1.07,-1.03,0.20,-0.20,11.52,100.0,-56
17119,26.564,0.07,1.02,-0.98,0.20,-0.20,11.52,100.0,-56
17120,26.647,-0.02,1.06,-1.03,0.20,-0.15,11.52,100.0,-56
17121,26.731,-0.02,1.11,-1.08,0.24,-0.10,11.26,100.0,-56
17122,26.815,-0.07,1.11,-1.08,0.20,-0.20,11.26,100.0,-56
17123,26.898,0.00,1.01,-0.98,0.15,-0.20,11.26,100.0,-56
17124,26.982,0.10,1.07,-1.03,0.15,-0.24,11.52,100.0,-58
17125,27.066,0.08,1.07,-1.03,0.24,-0.15,11.52,100.0,-58
17126,27.150,0.07,1.11,-1.08,0.20,-0.20,11.52,100.0,-58
17127,27.233,0.07,1.11,-1.08,0.20,-0.15,11.26,100.0,-58
17128,27.317,0.05,1.06,-1.03,0.15,-0.20,11.26,100.0,-58
17129,27.401,0.10,1.07,-1.03,0.15,-0.24,11.26,100.0,-58
17130,27.485,0.14,1.07,-1.03,0.20,-0.20,11.52,100.0,-65
17131,27.585,0.13,1.09,-1.03,0.24,-0.24,11.52,100.0,-65
17132,27.685,0.16,1.07,-1.03,0.20,-0.20,11.52,100.0,-65
17133,27.785,0.16,1.12,-1.08,0.24,-0.20,11.40,100.0,-65
17134,27.886,0.08,1.07,-1.03,0.20,-0.20,11.40,100.0,-65
17135,27.986,0.13,1.05,-1.03,0.15,-0.15,11.40,100.0,-65
17136,28.086,0.19,1.07,-1.03,0.20,-0.20,11.52,100.0,-71
17137,28.170,0.10,1.11,-1.08,0.20,-0.20,11.52,100.0,-71
17138,28.253,0.15,1.10,-1.08,0.20,-0.10,11.52,100.0,-71
17139,28.337,0.15,1.06,-1.03,0.20,-0.15,11.26,100.0,-71
17140,28.421,0.12,1.06,-1.03,0.15,-0.20,11.26,100.0,-71
17141,28.504,0.15,1.11,-1.08,0.20,-0.15,11.26,100.0,-71
17142,28.588,0.10,1.07,-1.03,0.20,-0.20,11.52,100.0,-61
17143,28.672,0.02,1.05,-1.03,0.15,-0.15,11.52,100.0,-61
17144,28.756,0.06,1.13,-1.08,0.20,-0.29,11.52,100.0,-61
17145,28.840,0.06,1.13,-1.08,0.29,-0.20,11.26,100.0,-61
17146,28.923,0.10,1.11,-1.08,0.24,-0.15,11.26,100.0,-61
17147,29.007,0.13,1.06,-1.03,0.20,-0.15,11.26,100.0,-61
17148,29.091,0.18,1.07,-1.03,0.20,-0.20,11.52,100.0,-60
17149,29.175,0.15,1.10,-1.08,0.20,-0.10,11.52,100.0,-60
17150,29.258,0.14,1.11,-1.08,0.24,-0.15,11.52,100.0,-60
17151,29.341,0.14,1.11,-1.08,0.15,-0.24,11.26,100.0,-60
17152,29.425,0.12,1.08,-1.03,0.20,-0.24,11.26,100.0,-60
17153,29.508,0.16,1.07,-1.03,0.20,-0.20,11.26,100.0,-60
17154,29.592,0.22,1.08,-1.03,0.20,-0.24,11.52,100.0,-63
17155,29.692,0.19,1.05,-1.03,0.15,-0.15,11.52,100.0,-63
17156,29.793,0.21,1.05,-1.03,0.15,-0.15,11.52,100.0,-63
17157,29.893,0.21,1.13,-1.08,0.24,-0.24,11.40,100.0,-63
17158,29.994,0.11,1.11,-1.08,0.20,-0.15,11.40,100.0,-63
17159,30.095,0.13,1.09,-1.03,0.24,-0.24,11.40,100.0,-63
17160,30.195,0.19,1.07,-1.03,0.20,-0.20,11.52,100.0,-60
17161,30.279,0.12,1.06,-1.03,0.20,-0.15,11.52,100.0,-60
17162,30.363,0.16,1.11,-1.08,0.20,-0.20,11.52,100.0,-60
17163,30.447,0.16,1.11,-1.08,0.24,-0.15,11.26,100.0,-60
17164,30.530,0.18,1.12,-1.08,0.24,-0.20,11.26,100.0,-60
17165,30.614,0.22,1.07,-1.03,0.20,-0.20,11.26,100.0,-60
17166,30.698,0.27,1.11,-1.08,0.20,-0.15,11.52,100.0,-60
17167,30.782,0.19,1.11,-1.08,0.20,-0.15,11.52,100.0,-60
17168,30.865,0.19,1.07,-1.03,0.20,-0.20,11.52,100.0,-60
17169,30.949,0.19,1.04,-1.03,0.15,-0.10,11.27,100.0,-60
17170,31.033,0.12,1.06,-1.03,0.20,-0.15,11.27,100.0,-60
17171,31.116,0.18,1.01,-0.98,0.20,-0.15,11.27,100.0,-60
17172,31.200,0.23,1.11,-1.08,0.15,-0.24,11.52,100.0,-54
17173,31.284,0.27,1.11,-1.08,0.20,-0.15,11.52,100.0,-54
17174,31.367,0.27,1.07,-1.03,0.20,-0.20,11.52,100.0,-54
17175,31.451,0.27,1.11,-1.08,0.20,-0.20,11.26,100.0,-54
17176,31.535,0.24,1.11,-1.08,0.20,-0.20,11.26,100.0,-54
17177,31.618,0.17,1.06,-1.03,0.20,-0.15,11.26,100.0,-54
17178,31.702,0.27,1.10,-1.08,0.15,-0.15,11.52,100.0,-54
17179,31.786,0.20,1.01,-0.98,0.20,-0.15,11.52,100.0,-54
17180,31.870,0.20,1.14,-1.08,0.29,-0.24,11.52,100.0,-54
17181,31.954,0.20,1.11,-1.08,0.20,-0.15,11.40,100.0,-54
17182,32.038,0.15,1.09,-1.03,0.24,-0.24,11.40,100.0,-54
17183,32.122,0.13,1.09,-1.03,0.24,-0.24,11.40,100.0,-54
17184,32.206,0.15,1.13,-1.08,0.24,-0.24,11.65,100.0,-55
17185,32.306,0.15,1.14,-1.08,0.24,-0.29,11.65,100.0,-55
17186,32.407,0.13,1.10,-1.03,0.29,-0.24,11.65,100.0,-55
17187,32.507,0.13,1.09,-1.03,0.24,-0.24,11.40,100.0,-55
17188,32.607,0.15,1.09,-1.03,0.24,-0.24,11.40,100.0,-55
17189,32.708,0.13,1.13,-1.08,0.24,-0.24,11.40,100.0,-55
17190,32.808,0.15,1.11,-1.08,0.24,-0.10,11.52,100.0,-57
17191,32.892,0.09,1.07,-1.03,0.24,-0.15,11.52,100.0,-57
17192,32.975,0.09,1.09,-1.03,0.24,-0.24,11.52,100.0,-57
17193,33.059,0.09,1.08,-1.03,0.20,-0.24,11.26,100.0,-57
17194,33.143,0.00,1.11,-1.08,0.20,-0.20,11.26,100.0,-57
17195,33.226,0.04,1.13,-1.08,0.20,-0.29,11.26,100.0,-57
17196,33.310,0.11,1.12,-1.08,0.24,-0.20,11.52,100.0,-57
17197,33.394,0.08,1.11,-1.08,0.24,-0.15,11.52,100.0,-57
17198,33.478,0.06,1.12,-1.08,0.24,-0.20,11.52,100.0,-57
17199,33.562,0.06,1.10,-1.03,0.29,-0.24,11.26,100.0,-57
17200,33.645,0.05,1.09,-1.03,0.24,-0.24,11.26,100.0,-57
17201,33.729,0.08,1.07,-1.03,0.20,-0.20,11.26,100.0,-57
17202,33.813,0.21,1.07,-1.03,0.29,-0.10,11.52,100.0,-57
17203,33.896,0.11,1.04,-0.98,0.29,-0.20,11.52,100.0,-57
17204,33.980,0.09,1.05,-0.98,0.29,-0.24,11.52,100.0,-57
17205,34.063,0.09,1.11,-1.08,0.24,-0.10,11.26,100.0,-57
17206,34.146,0.06,1.09,-1.03,0.29,-0.20,11.26,100.0,-57
17207,34.230,0.11,1.19,-1.13,0.34,-0.20,11.26,100.0,-57
17208,34.313,0.18,1.11,-1.08,0.24,-0.15,11.52,100.0,-57
17209,34.414,0.14,1.12,-1.08,0.24,-0.20,11.52,100.0,-57
17210,34.514,0.14,1.12,-1.08,0.24,-0.20,11.52,100.0,-57
17211,34.615,0.14,1.09,-1.03,0.29,-0.20,11.40,100.0,-57
17212,34.716,0.13,1.11,-1.08,0.20,-0.20,11.40,100.0,-57
17213,34.816,0.20,1.09,-1.03,0.24,-0.24,11.40,100.0,-57
17214,34.917,0.27,1.11,-1.08,0.20,-0.20,11.52,100.0,-56
17215,35.001,0.15,1.12,-1.08,0.24,-0.20,11.52,100.0,-56
17216,35.084,0.18,1.06,-1.03,0.20,-0.15,11.52,100.0,-56
17217,35.168,0.18,1.11,-1.08,0.20,-0.20,11.26,100.0,-56
17218,35.252,0.13,1.11,-1.08,0.20,-0.20,11.26,100.0,-56
17219,35.335,0.16,1.08,-1.03,0.20,-0.24,11.26,100.0,-56
17220,35.419,0.29,1.11,-1.08,0.15,-0.20,11.52,100.0,-57
17221,35.503,0.28,1.05,-1.03,0.15,-0.15,11.52,100.0,-57
17222,35.587,0.32,1.17,-1.13,0.24,-0.20,11.52,100.0,-57
17223,35.670,0.32,1.11,-1.08,0.24,-0.15,11.26,100.0,-57
17224,35.754,0.19,1.15,-1.13,0.20,-0.10,11.26,100.0,-57
17225,35.838,0.14,1.01,-0.98,0.20,-0.15,11.26,100.0,-57
17226,35.922,0.23,1.30,-1.18,0.54,-0.15,11.52,100.0,-58
17227,36.006,0.18,1.01,-0.98,0.24,-0.10,11.52,100.0,-58
17228,36.089,0.24,1.11,-1.08,0.20,-0.20,11.52,100.0,-58
17229,36.173,0.24,1.11,-1.08,0.24,-0.15,11.26,100.0,-58
17230,36.257,0.21,1.11,-1.08,0.20,-0.15,11.26,100.0,-58
17231,36.340,0.25,1.07,-1.03,0.24,-0.15,11.26,100.0,-58
17232,36.424,0.22,1.11,-1.08,0.15,-0.20,11.52,100.0,-58
17233,36.524,0.22,1.07,-1.03,0.20,-0.20,11.52,100.0,-58
17234,36.625,0.16,1.11,-1.08,0.15,-0.20,11.52,100.0,-58
17235,36.725,0.16,1.06,-1.03,0.20,-0.15,11.40,100.0,-58
17236,36.825,0.09,1.06,-1.03,0.20,-0.15,11.40,100.0,-58
17237,36.926,0.18,1.11,-1.08,0.20,-0.15,11.40,100.0,-58
17238,37.026,0.26,1.06,-1.03,0.15,-0.20,11.52,100.0,-56
17239,37.110,0.22,1.07,-1.03,0.20,-0.20,11.52,100.0,-56
17240,37.194,0.21,1.05,-1.03,0.15,-0.15,11.52,100.0,-56
17241,37.278,0.21,1.11,-1.08,0.20,-0.20,11.26,100.0,-56
17242,37.361,0.11,1.07,-1.03,0.24,-0.15,11.26,100.0,-56
17243,37.445,0.12,1.07,-1.03,0.24,-0.15,11.26,100.0,-56
17244,37.529,0.26,1.11,-1.08,0.15,-0.24,11.52,100.0,-56
17245,37.613,0.13,1.11,-1.08,0.20,-0.20,11.52,100.0,-56
17246,37.696,0.15,1.06,-1.03,0.20,-0.15,11.52,100.0,-56
17247,37.780,0.15,1.06,-1.03,0.20,-0.15,11.26,100.0,-56
17248,37.864,0.16,1.11,-1.08,0.20,-0.20,11.26,100.0,-56
17249,37.947,0.13,1.12,-1.08,0.20,-0.24,11.26,100.0,-56
17250,38.031,0.15,1.18,-1.13,0.24,-0.24,11.52,100.0,-56
17251,38.115,0.09,1.07,-1.03,0.20,-0.20,11.52,100.0,-56
17252,38.198,0.08,1.08,-1.03,0.24,-0.20,11.52,100.0,-56
17253,38.282,0.08,1.13,-1.08,0.24,-0.24,11.26,100.0,-56
17254,38.366,0.08,1.15,-1.13,0.20,-0.15,11.26,100.0,-56
17255,38.449,0.15,1.06,-1.03,0.20,-0.15,11.26,100.0,-56
17256,38.533,0.20,1.09,-1.08,0.15,-0.10,11.52,100.0,-55
17257,38.617,0.16,1.13,-1.08,0.24,-0.24,11.52,100.0,-55
17258,38.701,0.10,1.01,-0.98,0.15,-0.20,11.52,100.0,-55
17259,38.785,0.10,1.09,-1.03,0.24,-0.24,11.40,100.0,-55
17260,38.869,0.08,1.12,-1.08,0.20,-0.24,11.40,100.0,-55
17261,38.953,0.11,1.09,-1.03,0.24,-0.24,11.40,100.0,-55
17262,39.037,0.17,1.12,-1.08,0.24,-0.20,11.65,100.0,-55
17263,39.137,0.13,1.01,-0.98,0.15,-0.20,11.65,100.0,-55
17264,39.238,0.13,1.02,-0.98,0.20,-0.20,11.65,100.0,-55
17265,39.338,0.13,1.06,-1.03,0.15,-0.20,11.40,100.0,-55
17266,39.438,0.17,1.09,-1.03,0.24,-0.24,11.40,100.0,-55
17267,39.539,0.18,1.13,-1.08,0.29,-0.20,11.40,100.0,-55
17268,39.639,0.27,1.10,-1.08,0.15,-0.15,11.52,100.0,-56
17269,39.723,0.20,1.10,-1.03,0.24,-0.29,11.52,100.0,-56
17270,39.806,0.19,1.11,-1.08,0.20,-0.15,11.52,100.0,-56
17271,39.890,0.19,1.06,-1.03,0.20,-0.15,11.26,100.0,-56
17272,39.974,0.12,1.09,-1.03,0.24,-0.24,11.26,100.0,-56
17273,40.057,0.17,1.08,-1.03,0.20,-0.24,11.26,100.0,-56
17274,40.141,0.25,1.07,-1.03,0.20,-0.20,11.52,100.0,-55
17275,40.225,0.23,1.05,-1.03,0.15,-0.15,11.52,100.0,-55
17276,40.309,0.23,1.06,-1.03,0.20,-0.15,11.52,100.0,-55
17277,40.392,0.23,1.09,-1.03,0.29,-0.20,11.26,100.0,-55
17278,40.476,0.15,1.11,-1.08,0.20,-0.15,11.26,100.0,-55
17279,40.560,0.18,1.12,-1.08,0.20,-0.24,11.26,100.0,-55
17280,40.644,0.21,1.11,-1.08,0.15,-0.24,11.52,100.0,-56
17281,40.727,0.21,1.12,-1.08,0.24,-0.20,11.52,100.0,-56
17282,40.811,0.25,1.01,-0.98,0.20,-0.15,11.52,100.0,-56
17283,40.894,0.25,1.11,-1.08,0.20,-0.20,11.26,100.0,-56
17284,40.977,0.23,1.12,-1.08,0.24,-0.20,11.26,100.0,-56
17285,41.061,0.12,1.06,-1.03,0.20,-0.15,11.26,100.0,-56
17286,41.144,0.27,1.11,-1.08,0.20,-0.20,11.52,100.0,-55
17287,41.245,0.19,1.02,-0.98,0.15,-0.24,11.52,100.0,-55
17288,41.346,0.13,1.11,-1.08,0.24,-0.10,11.52,100.0,-55
17289,41.447,0.13,1.12,-1.08,0.20,-0.24,11.40,100.0,-55
17290,41.548,0.19,1.07,-1.03,0.20,-0.20,11.40,100.0,-55
17291,41.649,0.19,1.08,-1.03,0.24,-0.20,11.40,100.0,-55
17292,41.750,0.29,1.01,-0.98,0.15,-0.20,11.52,100.0,-55
17293,41.834,0.27,1.08,-1.03,0.24,-0.20,11.52,100.0,-55
17294,41.917,0.29,1.08,-1.03,0.24,-0.20,11.52,100.0,-55
17295,42.001,0.29,1.07,-1.03,0.24,-0.15,11.26,100.0,-55
17296,42.084,0.24,1.11,-1.08,0.20,-0.15,11.26,100.0,-55
17297,42.167,0.35,1.12,-1.08,0.24,-0.20,11.26,100.0,-55
17298,42.251,0.35,1.11,-1.08,0.15,-0.20,11.52,100.0,-54
17299,42.335,0.25,1.05,-1.03,0.15,-0.15,11.52,100.0,-54
17300,42.419,0.26,1.06,-1.03,0.15,-0.20,11.52,100.0,-54
17301,42.503,0.26,1.16,-1.13,0.20,-0.20,11.26,100.0,-54
17302,42.587,0.26,1.11,-1.08,0.20,-0.15,11.26,100.0,-54
17303,42.671,0.26,1.11,-1.08,0.20,-0.15,11.26,100.0,-54
17304,42.755,0.33,1.11,-1.08,0.15,-0.20,11.52,100.0,-53
17305,42.838,0.29,1.06,-1.03,0.20,-0.15,11.52,100.0,-53
17306,42.922,0.25,1.05,-1.03,0.15,-0.15,11.52,100.0,-53
17307,43.005,0.25,1.07,-1.03,0.20,-0.20,11.26,100.0,-53
17308,43.088,0.21,1.06,-1.03,0.20,-0.15,11.26,100.0,-53
17309,43.172,0.20,1.11,-1.08,0.20,-0.15,11.26,100.0,-53
17310,43.255,0.22,1.11,-1.08,0.24,-0.15,11.52,100.0,-56
17311,43.355,0.17,1.12,-1.08,0.24,-0.20,11.52,100.0,-56
17312,43.455,0.27,1.13,-1.08,0.24,-0.24,11.52,100.0,-56
17313,43.556,0.27,1.10,-1.08,0.15,-0.15,11.40,100.0,-56
17314,43.656,0.24,1.08,-1.03,0.20,-0.24,11.40,100.0,-56
17315,43.756,0.22,1.06,-1.03,0.20,-0.15,11.40,100.0,-56
17316,43.856,0.23,1.07,-1.03,0.15,-0.24,11.52,100.0,-54
17317,43.940,0.19,1.09,-1.03,0.24,-0.24,11.52,100.0,-54
17318,44.024,0.24,1.09,-1.03,0.24,-0.24,11.52,100.0,-54
17319,44.108,0.24,1.12,-1.08,0.24,-0.20,11.26,100.0,-54
17320,44.192,0.18,1.11,-1.08,0.24,-0.15,11.26,100.0,-54
17321,44.276,0.26,1.08,-1.03,0.24,-0.20,11.26,100.0,-54
17322,44.360,0.29,1.11,-1.08,0.15,-0.24,11.52,100.0,-56
17323,44.444,0.33,1.07,-1.03,0.20,-0.20,11.52,100.0,-56
17324,44.527,0.31,1.07,-1.03,0.20,-0.20,11.52,100.0,-56
17325,44.611,0.31,1.06,-1.03,0.20,-0.15,11.26,100.0,-56
17326,44.695,0.23,1.08,-1.03,0.24,-0.20,11.26,100.0,-56
17327,44.778,0.24,1.07,-1.03,0.20,-0.20,11.26,100.0,-56
17328,44.862,0.26,1.11,-1.08,0.15,-0.20,11.52,100.0,-56
17329,44.946,0.25,1.11,-1.08,0.20,-0.20,11.52,100.0,-56
17330,45.030,0.32,1.11,-1.08,0.20,-0.15,11.52,100.0,-56
17331,45.114,0.32,1.07,-1.03,0.24,-0.15,11.26,100.0,-56
17332,45.197,0.25,1.00,-0.98,0.15,-0.15,11.26,100.0,-56
17333,45.281,0.23,1.07,-1.03,0.20,-0.20,11.26,100.0,-56
17334,45.365,0.30,1.11,-1.08,0.15,-0.20,11.52,100.0,-56
17335,45.449,0.25,1.11,-1.08,0.15,-0.24,11.52,100.0,-56
17336,45.532,0.27,1.12,-1.08,0.20,-0.24,11.52,100.0,-56
17337,45.616,0.27,1.13,-1.08,0.24,-0.24,11.40,100.0,-56
17338,45.700,0.28,1.11,-1.08,0.24,-0.15,11.40,100.0,-56
17339,45.783,0.27,1.14,-1.08,0.24,-0.29,11.40,100.0,-56
17340,45.867,0.27,1.11,-1.08,0.15,-0.20,11.65,100.0,-55
17341,45.968,0.22,1.08,-1.03,0.20,-0.24,11.65,100.0,-55
17342,46.068,0.23,1.11,-1.08,0.15,-0.20,11.65,100.0,-55
17343,46.168,0.23,1.08,-1.03,0.20,-0.24,11.40,100.0,-55
17344,46.269,0.21,1.11,-1.08,0.20,-0.20,11.40,100.0,-55
17345,46.370,0.30,1.08,-1.03,0.24,-0.20,11.40,100.0,-55
17346,46.470,0.42,1.09,-1.03,0.20,-0.29,11.52,100.0,-55
17347,46.554,0.36,1.06,-1.03,0.20,-0.15,11.52,100.0,-55
17348,46.637,0.30,1.11,-1.08,0.15,-0.24,11.52,100.0,-55
17349,46.721,0.30,1.12,-1.08,0.24,-0.20,11.26,100.0,-55
17350,46.805,0.23,1.16,-1.13,0.20,-0.20,11.26,100.0,-55
17351,46.888,0.22,1.07,-1.03,0.20,-0.20,11.26,100.0,-55
17352,46.972,0.24,1.07,-1.03,0.20,-0.20,11.52,100.0,-54
17353,47.056,0.20,1.11,-1.08,0.24,-0.15,11.52,100.0,-54
17354,47.139,0.19,1.11,-1.08,0.20,-0.20,11.52,100.0,-54
17355,47.223,0.19,1.08,-1.03,0.20,-0.24,11.26,100.0,-54
17356,47.307,0.19,1.11,-1.08,0.20,-0.15,11.26,100.0,-54
17357,47.390,0.12,1.07,-1.03,0.20,-0.20,11.26,100.0,-54
17358,47.474,0.22,1.11,-1.08,0.20,-0.15,11.52,100.0,-55
17359,47.558,0.28,1.13,-1.08,0.20,-0.29,11.52,100.0,-55
17360,47.642,0.18,1.11,-1.08,0.20,-0.20,11.52,100.0,-55
17361,47.725,0.18,1.06,-1.03,0.15,-0.20,11.26,100.0,-55
17362,47.809,0.16,1.07,-1.03,0.20,-0.20,11.26,100.0,-55
17363,47.893,0.15,1.06,-1.03,0.15,-0.20,11.26,100.0,-55
17364,47.977,0.14,1.11,-1.08,0.15,-0.20,11.52,100.0,-55
17365,48.077,0.14,1.02,-0.98,0.15,-0.24,11.52,100.0,-55
17366,48.178,0.15,1.11,-1.08,0.24,-0.15,11.52,100.0,-55
17367,48.278,0.15,1.07,-1.03,0.20,-0.20,11.40,100.0,-55
17368,48.378,0.18,1.11,-1.08,0.20,-0.20,11.40,100.0,-55
17369,48.479,0.23,1.07,-1.03,0.20,-0.20,11.40,100.0,-55
17370,48.579,0.30,1.06,-1.03,0.20,-0.15,11.52,100.0,-55
17371,48.663,0.33,1.05,-1.03,0.15,-0.15,11.52,100.0,-55
17372,48.747,0.31,1.08,-1.03,0.24,-0.20,11.52,100.0,-55
17373,48.831,0.31,1.05,-1.03,0.15,-0.15,11.26,100.0,-55
17374,48.914,0.27,1.06,-1.03,0.15,-0.20,11.26,100.0,-55
17375,48.998,0.23,1.05,-1.03,0.20,-0.10,11.26,100.0,-55
17376,49.082,0.24,1.10,-1.08,0.15,-0.15,11.52,100.0,-55
17377,49.166,0.18,1.11,-1.08,0.20,-0.15,11.52,100.0,-55
17378,49.249,0.20,1.11,-1.08,0.20,-0.20,11.52,100.0,-55
17379,49.333,0.20,1.07,-1.03,0.20,-0.20,11.26,100.0,-55
17380,49.417,0.13,1.02,-0.98,0.20,-0.20,11.26,100.0,-55
17381,49.500,0.19,1.08,-1.03,0.24,-0.20,11.26,100.0,-55
17382,49.584,0.28,1.07,-1.03,0.20,-0.20,11.52,100.0,-54
17383,49.668,0.23,1.06,-1.03,0.20,-0.15,11.52,100.0,-54
17384,49.751,0.24,1.11,-1.08,0.15,-0.24,11.52,100.0,-54
17385,49.835,0.24,1.07,-1.03,0.20,-0.20,11.26,100.0,-54
17386,49.919,0.26,1.06,-1.03,0.20,-0.15,11.26,100.0,-54
17387,50.002,0.22,1.06,-1.03,0.15,-0.20,11.26,100.0,-54
17388,50.086,0.26,1.11,-1.08,0.20,-0.15,11.52,100.0,-54
17389,50.186,0.23,1.09,-1.03,0.20,-0.29,11.52,100.0,-54
17390,50.287,0.28,1.11,-1.08,0.20,-0.15,11.52,100.0,-54
17391,50.387,0.28,1.09,-1.03,0.24,-0.24,11.40,100.0,-54
17392,50.487,0.24,1.10,-1.08,0.15,-0.15,11.40,100.0,-54
17393,50.588,0.26,1.11,-1.08,0.20,-0.20,11.40,100.0,-54
17394,50.688,0.28,6.25,-6.22,0.54,-0.15,11.52,100.0,-58
17395,50.772,0.21,7.43,-7.40,0.64,-0.15,11.52,100.0,-58
17396,50.856,0.14,8.16,-8.13,0.59,-0.24,11.52,100.0,-58
17397,50.940,0.14,8.03,-7.99,0.69,-0.39,11.26,100.0,-58
17398,51.023,0.21,6.57,-6.47,1.08,-0.44,11.26,100.0,-58
17399,51.107,0.30,4.83,-4.80,0.39,-0.39,11.26,100.0,-58
17400,51.191,0.56,2.93,-2.89,0.29,-0.34,11.52,100.0,-69
17401,51.275,2.12,2.94,-2.89,0.44,-0.34,11.52,100.0,-69
17402,51.358,3.44,2.88,-2.84,0.34,-0.29,11.52,100.0,-69
17403,51.442,3.44,2.92,-2.89,0.29,-0.29,11.27,100.0,-69
17404,51.526,4.56,2.93,-2.89,0.39,-0.29,11.27,100.0,-69
17405,51.609,5.55,2.87,-2.84,0.34,-0.24,11.27,100.0,-69
17406,51.693,6.47,2.69,-2.65,0.34,-0.34,11.52,100.0,-86
17407,51.777,9.48,2.55,-2.50,0.39,-0.29,11.52,100.0,-86
17408,51.861,11.98,2.48,-2.45,0.29,-0.24,11.52,100.0,-86
17409,51.944,11.98,2.49,-2.45,0.29,-0.29,11.26,100.0,-86
17410,52.028,13.98,2.54,-2.50,0.39,-0.24,11.26,100.0,-86
17411,52.112,15.71,2.51,-2.45,0.39,-0.34,11.26,100.0,-86
17412,52.196,17.27,2.35,-2.30,0.34,-0.29,11.52,100.0,-81
17413,52.280,21.59,2.40,-2.35,0.39,-0.24,11.52,100.0,-81
17414,52.363,25.10,2.45,-2.40,0.34,-0.34,11.52,100.0,-81
17415,52.447,25.10,2.43,-2.40,0.29,-0.24,11.39,100.0,-81
17416,52.531,27.92,2.44,-2.40,0.29,-0.29,11.39,100.0,-81
17417,52.614,30.32,2.31,-2.25,0.34,-0.39,11.39,100.0,-81
17418,52.698,32.36,0.33,0.05,0.15,-0.29,11.65,100.0,-84
17419,52.799,37.09,0.39,0.15,0.10,-0.34,11.65,100.0,-84
17420,52.899,41.02,0.40,0.15,0.15,-0.34,11.65,100.0,-84
17421,52.999,41.02,0.39,0.15,0.10,-0.34,11.40,100.0,-84
17422,53.100,44.07,0.37,0.10,0.10,-0.34,11.40,100.0,-84
17423,53.201,46.58,0.32,0.10,0.10,-0.29,11.40,100.0,-84
17424,53.301,48.67,0.41,0.10,0.05,-0.39,11.52,100.0,-86
17425,53.385,52.87,0.36,0.05,0.10,-0.34,11.52,100.0,-86
17426,53.468,56.20,0.36,0.05,0.10,-0.34,11.52,100.0,-86
17427,53.552,56.20,0.32,0.10,0.10,-0.29,11.26,100.0,-86
17428,53.636,58.71,0.39,0.10,0.15,-0.34,11.26,100.0,-86
17429,53.719,60.91,0.33,0.05,0.15,-0.29,11.26,100.0,-86
17430,53.803,62.74,0.33,0.00,0.15,-0.29,11.52,100.0,-86
17431,53.887,66.06,0.33,0.05,0.15,-0.29,11.52,100.0,-86
17432,53.970,66.06,0.38,0.05,0.15,-0.34,11.52,100.0,-86
17433,54.054,68.67,0.42,0.00,0.15,-0.39,11.26,100.0,-86
17434,54.138,70.74,0.29,0.00,0.15,-0.24,11.26,100.0,-86
17435,54.221,70.74,0.31,0.00,0.20,-0.24,11.26,100.0,-86
17436,54.305,72.49,0.20,0.00,0.05,-0.20,11.52,100.0,-81
17437,54.389,75.25,0.38,0.05,0.15,-0.34,11.52,100.0,-81
17438,54.473,75.25,0.37,0.00,0.15,-0.34,11.52,100.0,-81
17439,54.556,77.38,0.29,0.00,0.15,-0.24,11.26,100.0,-81
17440,54.640,79.03,0.37,0.00,0.15,-0.34,11.26,100.0,-81
17441,54.724,79.03,0.31,0.00,0.10,-0.29,11.26,100.0,-81
17442,54.808,80.49,0.33,0.00,0.15,-0.29,11.52,100.0,-76
17443,54.892,82.45,0.35,0.00,0.20,-0.29,11.52,100.0,-76
17444,54.975,82.45,0.33,0.00,0.15,-0.29,11.52,100.0,-76
17445,55.059,83.92,0.36,-0.05,0.20,-0.29,11.40,100.0,-76
17446,55.143,85.17,0.36,-0.05,0.20,-0.29,11.40,100.0,-76
17447,55.226,86.19,0.42,0.00,0.24,-0.34,11.40,100.0,-76
17448,55.310,86.88,0.33,0.00,0.15,-0.29,11.65,100.0,-77
17449,55.410,87.87,0.33,0.00,0.15,-0.29,11.65,100.0,-77
17450,55.511,87.87,0.22,-0.05,0.10,-0.20,11.65,100.0,-77
17451,55.611,88.64,0.33,0.00,0.15,-0.29,11.40,100.0,-77
17452,55.711,89.25,0.29,0.00,0.15,-0.24,11.40,100.0,-77
17453,55.812,89.25,0.29,0.00,0.15,-0.24,11.40,100.0,-77
17454,55.912,89.76,0.29,0.00,0.15,-0.24,11.52,100.0,-81
17455,55.996,89.90,0.33,0.00,0.15,-0.29,11.52,100.0,-81
17456,56.080,89.90,0.35,0.00,0.20,-0.29,11.52,100.0,-81
17457,56.163,90.01,0.29,0.00,0.15,-0.24,11.26,100.0,-81
17458,56.247,90.08,0.33,0.05,0.15,-0.29,11.26,100.0,-81
17459,56.331,90.08,0.33,0.00,0.15,-0.29,11.26,100.0,-81
17460,56.415,90.13,0.33,0.00,0.15,-0.29,11.52,100.0,-79
17461,56.499,89.44,0.31,0.00,0.20,-0.24,11.52,100.0,-79
17462,56.582,89.44,0.26,0.00,0.10,-0.24,11.52,100.0,-79
17463,56.666,88.88,0.31,0.00,0.10,-0.29,11.26,100.0,-79
17464,56.750,88.43,0.31,0.00,0.10,-0.29,11.26,100.0,-79
17465,56.833,88.43,0.35,0.00,0.20,-0.29,11.26,100.0,-79
17466,56.917,88.01,0.69,-0.20,0.59,-0.29,11.52,100.0,-84
17467,57.001,86.43,0.31,0.00,0.20,-0.24,11.52,100.0,-84
17468,57.084,85.27,0.53,0.05,0.20,-0.49,11.52,100.0,-84
17469,57.168,85.27,0.33,0.05,0.15,-0.29,11.40,100.0,-84
17470,57.252,84.37,0.38,0.05,0.15,-0.34,11.40,100.0,-84
17471,57.335,83.91,2.74,0.88,1.37,2.20,11.40,100.0,-84
17472,57.419,83.89,2.42,1.86,1.27,-0.88,11.65,100.0,-76
17473,57.503,81.81,1.92,1.72,0.44,-0.74,11.65,100.0,-76
17474,57.587,80.21,0.73,0.64,0.05,-0.34,11.65,100.0,-76
17475,57.670,80.21,1.08,1.08,-0.10,0.00,11.40,100.0,-76
17476,57.754,78.98,0.53,0.05,0.20,-0.49,11.40,100.0,-76
17477,57.838,78.10,9.39,0.24,-3.33,8.77,11.40,100.0,-76
17478,57.922,77.46,5.66,-4.66,0.49,-3.18,11.65,100.0,-91
17479,58.022,76.49,4.34,-3.72,2.16,-0.54,11.65,100.0,-91
17480,58.123,75.71,2.98,-1.22,-1.72,2.11,11.65,100.0,-91
17481,58.223,75.71,2.51,-1.52,-1.96,0.39,11.40,100.0,-91
17482,58.323,75.01,4.04,0.24,-3.53,-1.96,11.40,100.0,-91
17483,58.424,74.58,3.41,0.29,-2.35,-2.45,11.40,100.0,-91
17484,58.524,74.31,1.52,0.24,-0.78,-1.27,11.52,100.0,-76
17485,58.608,73.51,1.80,0.34,-0.15,-1.76,11.52,100.0,-76
17486,58.691,72.95,1.34,0.10,0.39,-1.27,11.52,100.0,-76
17487,58.775,72.95,1.43,0.05,1.08,-0.93,11.26,100.0,-76
17488,58.859,72.47,1.26,0.15,1.22,-0.24,11.26,100.0,-76
17489,58.942,72.14,1.54,0.29,1.37,0.64,11.26,100.0,-76
17490,59.026,71.91,0.90,0.15,-0.29,0.83,11.52,100.0,-77
17491,59.110,71.29,0.80,0.24,-0.54,0.54,11.52,100.0,-77
17492,59.194,70.82,0.75,0.29,-0.69,0.00,11.52,100.0,-77
17493,59.278,70.82,0.96,0.54,-0.59,-0.54,11.40,100.0,-77
17494,59.361,70.44,1.32,0.69,0.00,-1.13,11.40,100.0,-77
17495,59.445,70.22,1.99,1.08,0.88,-1.42,11.40,100.0,-77
17496,59.529,70.21,1.62,0.93,0.05,-1.32,11.65,100.0,-77
17497,59.613,69.63,1.43,0.93,0.05,-1.08,11.65,100.0,-77
17498,59.696,69.12,1.19,0.93,0.00,-0.74,11.65,100.0,-77
17499,59.780,69.12,1.01,0.93,0.05,-0.39,11.40,100.0,-77
17500,59.864,68.69,0.94,0.93,0.15,-0.05,11.40,100.0,-77
17501,59.947,68.32,1.05,1.03,0.15,0.15,11.40,100.0,-77
17502,60.031,68.08,1.00,0.98,0.15,-0.15,11.65,100.0,-76
17503,60.131,67.43,1.08,1.03,0.20,-0.24,11.65,100.0,-76
17504,60.232,66.98,1.25,1.13,0.24,-0.49,11.65,100.0,-76
17505,60.332,66.98,1.32,1.18,0.24,-0.54,11.40,100.0,-76
17506,60.432,66.52,1.38,1.18,0.34,-0.64,11.40,100.0,-76
17507,60.533,66.14,1.37,1.13,0.44,-0.64,11.40,100.0,-76
17508,60.633,65.92,0.78,0.74,0.05,-0.24,11.52,100.0,-89
17509,60.717,65.30,0.90,0.83,0.15,-0.29,11.52,100.0,-89
17510,60.801,64.91,0.90,0.88,0.10,-0.15,11.52,100.0,-89
17511,60.885,64.91,1.00,0.98,0.05,-0.20,11.26,100.0,-89
17512,60.968,64.50,0.93,0.88,0.05,-0.29,11.26,100.0,-89
17513,61.052,64.25,0.97,0.88,0.00,-0.39,11.26,100.0,-89
17514,61.136,64.02,0.99,0.88,-0.05,-0.44,11.52,100.0,-80
17515,61.220,63.23,1.01,0.93,-0.05,-0.39,11.52,100.0,-80
17516,61.303,62.79,1.06,0.98,-0.05,-0.39,11.52,100.0,-80
17517,61.387,62.79,1.04,0.98,0.00,-0.34,11.26,100.0,-80
17518,61.471,62.34,1.07,1.03,0.00,-0.29,11.26,100.0,-80
17519,61.554,62.05,1.05,1.03,0.05,-0.20,11.26,100.0,-80
17520,61.638,61.82,0.70,0.64,0.00,-0.29,11.52,100.0,-100
17521,61.722,61.24,0.65,0.64,0.00,-0.15,11.52,100.0,-100
17522,61.805,61.24,0.73,0.69,0.00,-0.24,11.52,100.0,-100
17523,61.889,60.82,0.75,0.69,0.00,-0.29,11.40,100.0,-100
17524,61.973,60.41,0.79,0.74,0.00,-0.29,11.40,100.0,-100
17525,62.056,60.41,0.81,0.74,-0.05,-0.34,11.40,100.0,-100
17526,62.140,60.13,1.10,1.03,0.00,-0.39,11.65,100.0,-101
17527,62.224,59.40,1.13,1.08,-0.05,-0.34,11.65,100.0,-101
17528,62.308,58.89,1.06,1.03,-0.05,-0.24,11.65,100.0,-101
17529,62.392,58.89,1.01,0.98,0.00,-0.24,11.40,100.0,-101
17530,62.475,58.44,0.95,0.88,0.00,-0.34,11.40,100.0,-101
17531,62.559,58.05,0.96,0.93,0.00,-0.24,11.40,100.0,-101
17532,62.643,57.80,0.95,0.88,0.05,-0.34,11.65,100.0,-91
17533,62.743,57.20,0.99,0.88,0.10,-0.44,11.65,100.0,-91
17534,62.844,56.78,0.90,0.83,0.00,-0.34,11.65,100.0,-91
17535,62.944,56.78,0.93,0.88,0.05,-0.29,11.40,100.0,-91
17536,63.044,56.42,0.87,0.83,0.10,-0.24,11.40,100.0,-91
17537,63.145,56.14,0.90,0.88,0.05,-0.20,11.40,100.0,-91
17538,63.245,55.88,0.90,0.88,0.00,-0.20,11.52,100.0,-90
17539,63.329,55.24,0.95,0.93,0.05,-0.20,11.52,100.0,-90
17540,63.413,55.24,0.95,0.93,0.00,-0.20,11.52,100.0,-90
17541,63.496,54.77,0.93,0.88,0.10,-0.29,11.26,100.0,-90
17542,63.580,54.40,0.92,0.88,0.10,-0.24,11.26,100.0,-90
17543,63.664,54.15,0.91,0.83,0.10,-0.34,11.26,100.0,-90
17544,63.748,53.94,0.94,0.83,0.00,-0.44,11.52,100.0,-88
17545,63.832,53.28,0.94,0.83,0.00,-0.44,11.52,100.0,-88
17546,63.915,53.28,0.94,0.83,0.05,-0.44,11.52,100.0,-88
17547,63.999,52.79,0.90,0.83,0.05,-0.34,11.26,100.0,-88
17548,64.083,52.42,0.99,0.93,0.05,-0.34,11.26,100.0,-88
17549,64.166,52.17,0.98,0.93,0.05,-0.29,11.26,100.0,-88
17550,64.250,51.86,0.94,0.93,0.00,-0.10,11.52,100.0,-84
17551,64.334,51.23,0.99,0.98,-0.05,-0.10,11.52,100.0,-84
17552,64.417,51.23,0.95,0.93,-0.05,-0.20,11.52,100.0,-84
17553,64.501,50.73,0.95,0.93,-0.05,-0.20,11.40,100.0,-84
17554,64.585,50.39,0.95,0.93,-0.05,-0.20,11.40,100.0,-84
17555,64.668,50.13,1.06,0.98,0.00,-0.39,11.40,100.0,-84
17556,64.752,49.78,0.97,0.93,-0.10,-0.24,11.65,100.0,-77
17557,64.836,49.11,1.06,0.98,-0.10,-0.39,11.65,100.0,-77
17558,64.920,48.57,0.95,0.88,0.00,-0.34,11.65,100.0,-77
17559,65.004,48.57,0.99,0.88,-0.05,-0.44,11.40,100.0,-77
17560,65.087,48.16,0.97,0.88,0.05,-0.39,11.40,100.0,-77
17561,65.171,47.94,0.95,0.88,0.05,-0.34,11.40,100.0,-77
17562,65.255,47.71,1.12,0.98,0.10,-0.54,11.65,100.0,-83
17563,65.355,47.13,1.09,0.98,0.20,-0.44,11.65,100.0,-83
17564,65.456,46.65,1.04,0.93,0.15,-0.44,11.65,100.0,-83
17565,65.556,46.65,0.97,0.88,0.10,-0.39,11.40,100.0,-83
17566,65.656,46.33,1.04,0.98,0.05,-0.34,11.40,100.0,-83
17567,65.757,46.01,0.98,0.93,0.10,-0.29,11.40,100.0,-83
17568,65.857,45.78,0.83,0.78,0.10,-0.24,11.52,100.0,-101
17569,65.941,45.17,0.99,0.93,0.15,-0.29,11.52,100.0,-101
17570,66.024,44.73,1.06,0.98,0.10,-0.39,11.52,100.0,-101
17571,66.108,44.73,1.12,1.03,0.10,-0.44,11.26,100.0,-101
17572,66.192,44.24,1.12,1.03,0.05,-0.44,11.26,100.0,-101
17573,66.275,43.88,1.10,0.98,0.05,-0.49,11.26,100.0,-101
17574,66.359,43.69,0.99,0.98,0.00,-0.15,11.52,100.0,-85
17575,66.443,43.10,0.98,0.98,0.05,-0.05,11.52,100.0,-85
17576,66.527,43.10,0.99,0.98,0.10,-0.10,11.52,100.0,-85
17577,66.611,42.59,0.95,0.93,0.10,-0.15,11.26,100.0,-85
17578,66.694,42.18,0.93,0.88,0.15,-0.24,11.26,100.0,-85
17579,66.778,41.92,0.98,0.93,0.10,-0.29,11.26,100.0,-85
17580,66.862,41.63,0.75,0.64,0.05,-0.39,11.52,100.0,-91
17581,66.946,41.13,0.82,0.74,0.10,-0.34,11.52,100.0,-91
17582,67.029,40.70,0.92,0.69,0.20,-0.59,11.52,100.0,-91
17583,67.113,40.70,0.94,0.78,0.15,-0.49,11.40,100.0,-91
17584,67.197,40.33,1.01,0.88,0.20,-0.44,11.40,100.0,-91
17585,67.280,40.09,1.03,0.93,0.20,-0.39,11.40,100.0,-91
17586,67.364,39.95,0.88,0.83,0.05,-0.29,11.65,100.0,-87
17587,67.448,39.42,0.90,0.88,0.05,-0.20,11.65,100.0,-87
17588,67.531,38.98,0.88,0.88,0.00,-0.05,11.65,100.0,-87
17589,67.615,38.98,0.93,0.93,0.00,-0.05,11.40,100.0,-87
17590,67.699,38.57,0.88,0.88,0.05,0.05,11.40,100.0,-87
17591,67.782,38.33,0.93,0.93,0.00,0.00,11.40,100.0,-87
17592,67.866,38.08,1.03,0.88,0.00,-0.54,11.65,100.0,-88
17593,67.966,37.60,1.01,0.88,-0.05,-0.49,11.65,100.0,-88
17594,68.067,37.60,0.97,0.83,0.00,-0.49,11.65,100.0,-88
17595,68.167,37.18,0.91,0.74,-0.05,-0.54,11.40,100.0,-88
17596,68.268,36.96,0.91,0.74,0.00,-0.54,11.40,100.0,-88
17597,68.368,36.78,1.02,0.78,0.10,-0.64,11.40,100.0,-88
17598,68.469,36.63,0.95,0.83,0.10,-0.44,11.52,100.0,-101
17599,68.553,36.05,0.90,0.78,0.10,-0.44,11.52,100.0,-101
17600,68.636,35.63,1.00,0.83,0.15,-0.54,11.52,100.0,-101
17601,68.720,35.63,0.94,0.78,0.15,-0.49,11.26,100.0,-101
17602,68.804,35.26,0.90,0.78,0.20,-0.39,11.26,100.0,-101
17603,68.887,34.93,0.91,0.83,0.15,-0.34,11.26,100.0,-101
17604,68.971,34.73,0.94,0.83,0.05,-0.44,11.52,100.0,-85
17605,69.055,34.16,0.90,0.78,0.05,-0.44,11.52,100.0,-85
17606,69.138,33.78,0.90,0.83,0.00,-0.34,11.52,100.0,-85
17607,69.221,33.78,0.86,0.83,0.00,-0.20,11.40,100.0,-85
17608,69.305,33.46,0.86,0.83,0.05,-0.20,11.40,100.0,-85
17609,69.388,33.16,0.91,0.88,0.10,-0.20,11.40,100.0,-85
17610,69.472,32.92,0.88,0.83,0.00,-0.29,11.65,100.0,-80
17611,69.556,32.37,0.94,0.93,0.00,-0.15,11.65,100.0,-80
17612,69.640,32.37,0.88,0.83,0.00,-0.29,11.65,100.0,-80
17613,69.724,31.92,0.88,0.83,0.05,-0.29,11.40,100.0,-80
17614,69.807,31.56,0.92,0.83,0.05,-0.39,11.40,100.0,-80
17615,69.891,31.34,0.88,0.78,0.10,-0.39,11.40,100.0,-80
17616,69.975,31.12,0.95,0.93,0.00,-0.20,11.65,100.0,-74
17617,70.059,30.59,0.92,0.88,0.00,-0.24,11.65,100.0,-74
17618,70.142,30.59,0.95,0.88,-0.10,-0.34,11.65,100.0,-74
17619,70.226,30.11,0.93,0.88,-0.05,-0.29,11.40,100.0,-74
17620,70.310,29.86,0.97,0.93,-0.10,-0.24,11.40,100.0,-74
17621,70.393,29.59,1.05,1.03,-0.05,-0.20,11.40,100.0,-74
17622,70.477,29.29,1.13,0.93,0.00,-0.64,11.65,100.0,-76
17623,70.577,28.80,1.10,0.93,0.00,-0.59,11.65,100.0,-76
17624,70.678,28.80,1.05,0.93,0.00,-0.49,11.65,100.0,-76
17625,70.778,28.38,1.01,0.93,0.05,-0.39,11.40,100.0,-76
17626,70.878,28.16,0.88,0.78,0.05,-0.39,11.40,100.0,-76
17627,70.979,27.91,0.94,0.83,0.05,-0.44,11.40,100.0,-76
17628,71.079,27.75,1.11,1.08,0.15,-0.20,11.52,100.0,-77
17629,71.163,27.20,1.11,1.08,0.10,-0.24,11.52,100.0,-77
17630,71.247,26.85,1.04,1.03,0.10,-0.15,11.52,100.0,-77
17631,71.331,26.85,1.00,0.98,0.05,-0.20,11.26,100.0,-77
17632,71.414,26.51,0.98,0.98,0.00,-0.10,11.26,100.0,-77
17633,71.498,26.38,0.99,0.98,-0.05,-0.10,11.26,100.0,-77
17634,71.582,26.11,0.80,0.74,0.20,-0.24,11.52,100.0,-77
17635,71.666,25.62,0.86,0.78,0.20,-0.29,11.52,100.0,-77
17636,71.749,25.28,1.00,0.93,0.20,-0.29,11.52,100.0,-77
17637,71.833,25.28,0.97,0.88,0.20,-0.34,11.40,100.0,-77
17638,71.917,24.94,1.03,0.93,0.10,-0.44,11.40,100.0,-77
17639,72.000,24.65,1.03,0.93,0.00,-0.44,11.40,100.0,-77
17640,72.084,24.51,0.89,0.88,0.00,-0.15,11.65,100.0,-85
17641,72.168,23.98,0.83,0.83,0.00,-0.05,11.65,100.0,-85
17642,72.251,23.98,0.88,0.88,0.05,-0.05,11.65,100.0,-85
17643,72.335,23.64,0.93,0.93,0.05,0.00,11.40,100.0,-85
17644,72.419,23.28,1.00,0.98,0.15,-0.10,11.40,100.0,-85
17645,72.502,23.28,0.95,0.93,0.15,-0.10,11.40,100.0,-85
17646,72.586,23.06,0.94,0.78,-0.15,-0.49,11.65,100.0,-87
17647,72.670,22.49,0.99,0.78,-0.10,-0.59,11.65,100.0,-87
17648,72.754,22.19,0.99,0.83,-0.05,-0.54,11.65,100.0,-87
17649,72.838,22.19,1.00,0.83,-0.10,-0.54,11.40,100.0,-87
17650,72.921,21.84,0.93,0.78,-0.05,-0.49,11.40,100.0,-87
17651,73.005,21.55,0.86,0.78,-0.05,-0.34,11.40,100.0,-87
17652,73.089,21.39,0.91,0.88,0.15,-0.15,11.65,100.0,-80
17653,73.189,20.79,0.92,0.88,0.20,-0.15,11.65,100.0,-80
17654,73.290,20.39,0.82,0.78,0.20,-0.15,11.65,100.0,-80
17655,73.390,20.39,0.93,0.88,0.15,-0.24,11.40,100.0,-80
17656,73.490,20.03,0.93,0.88,0.10,-0.29,11.40,100.0,-80
17657,73.591,19.72,0.92,0.83,0.05,-0.39,11.40,100.0,-80
17658,73.691,19.56,1.01,0.88,0.05,-0.49,11.52,100.0,-85
17659,73.775,18.94,1.05,0.93,0.05,-0.49,11.52,100.0,-85
17660,73.858,18.53,1.10,1.03,0.05,-0.39,11.52,100.0,-85
17661,73.942,18.53,1.13,1.08,0.05,-0.34,11.26,100.0,-85
17662,74.026,18.23,1.17,1.13,0.05,-0.29,11.26,100.0,-85
17663,74.109,17.88,1.14,1.13,0.05,-0.20,11.26,100.0,-85
17664,74.193,17.69,1.02,0.98,0.00,-0.29,11.52,100.0,-84
17665,74.277,17.09,1.07,1.03,0.05,-0.29,11.52,100.0,-84
17666,74.361,16.64,1.02,0.98,-0.05,-0.29,11.52,100.0,-84
17667,74.445,16.64,1.01,0.93,0.00,-0.39,11.40,100.0,-84
17668,74.528,16.29,1.10,1.03,0.00,-0.39,11.40,100.0,-84
17669,74.612,16.03,1.10,0.98,0.00,-0.49,11.40,100.0,-84
17670,74.696,15.86,0.92,0.88,0.10,-0.24,11.65,100.0,-80
17671,74.780,15.35,0.93,0.88,0.10,-0.29,11.65,100.0,-80
17672,74.863,14.99,0.97,0.93,0.10,-0.24,11.65,100.0,-80
17673,74.947,14.99,0.98,0.93,0.05,-0.29,11.40,100.0,-80
17674,75.031,14.77,1.04,0.98,0.05,-0.34,11.40,100.0,-80
17675,75.114,14.42,1.02,0.98,0.05,-0.29,11.40,100.0,-80
17676,75.198,14.16,0.95,0.88,0.00,-0.34,11.65,100.0,-81
17677,75.282,13.65,0.98,0.93,0.05,-0.29,11.65,100.0,-81
17678,75.366,13.65,1.04,0.98,0.05,-0.34,11.65,100.0,-81
17679,75.450,13.27,1.04,0.98,0.05,-0.34,11.40,100.0,-81
17680,75.533,12.87,1.04,0.98,0.10,-0.34,11.40,100.0,-81
17681,75.617,12.66,1.06,0.98,0.10,-0.39,11.40,100.0,-81
17682,75.701,12.45,0.99,0.93,0.00,-0.34,11.65,100.0,-82
17683,75.801,11.88,0.99,0.93,0.05,-0.34,11.65,100.0,-82
17684,75.902,11.51,0.98,0.93,0.10,-0.29,11.65,100.0,-82
17685,76.002,11.51,1.00,0.93,0.15,-0.34,11.40,100.0,-82
17686,76.102,11.14,1.01,0.93,0.20,-0.34,11.40,100.0,-82
17687,76.203,10.94,0.94,0.88,0.20,-0.24,11.40,100.0,-82
17688,76.303,10.74,0.86,0.83,0.05,-0.20,11.52,100.0,-84
17689,76.387,10.14,0.86,0.83,0.00,-0.20,11.52,100.0,-84
17690,76.471,9.80,0.79,0.74,0.05,-0.29,11.52,100.0,-84
17691,76.554,9.80,0.86,0.83,0.00,-0.20,11.26,100.0,-84
17692,76.638,9.47,0.92,0.88,0.05,-0.24,11.26,100.0,-84
17693,76.722,9.19,0.84,0.78,0.00,-0.29,11.26,100.0,-84
17694,76.806,9.09,0.97,0.88,0.00,-0.39,11.52,100.0,-98
17695,76.890,8.54,0.90,0.83,0.00,-0.34,11.52,100.0,-98
17696,76.973,8.54,0.98,0.93,0.00,-0.29,11.52,100.0,-98
17697,77.057,8.07,0.95,0.88,0.05,-0.34,11.40,100.0,-98
17698,77.141,7.74,0.95,0.88,0.05,-0.34,11.40,100.0,-98
17699,77.224,7.54,0.93,0.88,0.00,-0.29,11.40,100.0,-98
17700,77.308,7.28,0.97,0.88,0.10,-0.39,11.65,100.0,-89
17701,77.392,6.99,0.92,0.83,0.20,-0.34,11.65,100.0,-89
17702,77.475,6.67,0.91,0.83,0.15,-0.34,11.65,100.0,-89
17703,77.559,6.67,1.00,0.93,0.10,-0.34,11.40,100.0,-89
17704,77.643,6.42,0.99,0.88,0.10,-0.44,11.40,100.0,-89
17705,77.726,6.16,0.93,0.88,0.10,-0.29,11.40,100.0,-89
17706,77.810,5.98,0.89,0.88,0.00,-0.15,11.65,100.0,-99
17707,77.910,5.45,0.94,0.93,0.00,-0.10,11.65,100.0,-99
17708,78.011,5.45,0.99,0.98,0.05,-0.10,11.65,100.0,-99
17709,78.112,5.04,0.99,0.98,0.00,-0.15,11.40,100.0,-99
17710,78.212,4.70,0.99,0.98,0.05,-0.15,11.40,100.0,-99
17711,78.312,4.70,0.96,0.93,0.05,-0.24,11.40,100.0,-99
17712,78.413,4.47,0.83,0.74,0.05,-0.39,11.52,100.0,-95
17713,78.580,3.91,0.87,0.78,0.15,-0.34,11.52,100.0,-95
17714,78.747,3.49,0.93,0.78,0.24,-0.44,11.52,100.0,-95
17715,78.914,3.49,0.91,0.78,0.24,-0.39,11.26,100.0,-95
17716,79.081,3.10,0.95,0.83,0.24,-0.39,11.26,100.0,-95
17717,79.248,2.87,0.87,0.78,0.24,-0.29,11.26,100.0,-95
17724,79.415,0.68,1.41,-0.44,0.20,-1.32,10.90,94.5,-112
17725,79.499,0.47,3.55,-3.33,0.74,-0.98,10.90,94.5,-112
17726,79.582,0.34,0.76,-0.15,0.15,-0.74,10.90,94.5,-112
17727,79.666,0.34,0.73,0.24,0.00,-0.69,10.64,94.5,-112
17728,79.750,0.11,1.48,0.15,0.00,-1.47,10.64,94.5,-112
17729,79.833,-0.08,1.53,-0.20,0.05,-1.52,10.64,94.5,-112
17730,79.917,-0.15,1.38,-0.05,0.10,-1.37,10.90,94.8,-112
17731,80.001,-0.26,1.32,-0.05,0.05,-1.32,10.90,94.8,-112
17732,80.085,-0.34,1.32,0.00,0.05,-1.32,10.90,94.8,-112
17733,80.168,-0.34,1.28,-0.05,0.05,-1.27,10.76,94.8,-112
17734,80.252,-0.39,1.32,-0.05,0.05,-1.32,10.76,94.8,-112
17735,80.336,-0.41,1.32,-0.05,0.05,-1.32,10.76,94.8,-112
17736,80.420,-0.43,1.32,0.00,0.05,-1.32,11.02,95.1,-109
17737,80.520,-0.48,1.33,0.00,0.10,-1.32,11.02,95.1,-109
17738,80.621,-0.39,1.33,0.00,0.10,-1.32,11.02,95.1,-109
17739,80.721,-0.39,1.28,-0.05,0.05,-1.27,10.76,95.1,-109
17740,80.821,-0.47,1.32,-0.05,0.05,-1.32,10.76,95.1,-109
17741,80.922,-0.45,1.33,-0.10,0.10,-1.32,10.76,95.1,-109
17742,81.022,-0.31,1.32,-0.05,0.05,-1.32,10.90,95.4,-108
17743,81.106,-0.37,1.33,-0.05,0.10,-1.32,10.90,95.4,-108
17744,81.189,-0.44,1.28,-0.05,0.05,-1.27,10.90,95.4,-108
17745,81.273,-0.44,1.32,-0.05,0.05,-1.32,10.64,95.4,-108
17746,81.357,-0.50,1.37,-0.05,0.05,-1.37,10.64,95.4,-108
17747,81.440,-0.50,1.37,-0.05,0.05,-1.37,10.64,95.4,-108
17748,81.524,-0.46,1.37,0.00,0.05,-1.37,10.90,95.7,-108
17749,81.608,-0.46,1.38,-0.05,0.10,-1.37,10.90,95.7,-108
17750,81.691,-0.50,1.28,-0.05,0.05,-1.27,10.90,95.7,-108
17751,81.775,-0.50,1.32,-0.05,0.05,-1.32,10.64,95.7,-108
17752,81.859,-0.56,1.33,-0.05,0.10,-1.32,10.64,95.7,-108
17753,81.942,-0.52,1.42,0.00,0.05,-1.42,10.64,95.7,-108
17754,82.026,-0.47,1.32,0.00,0.05,-1.32,10.90,95.9,-106
17755,82.110,-0.51,1.38,-0.05,0.10,-1.37,10.90,95.9,-106
17756,82.194,-0.44,1.28,0.00,0.10,-1.27,10.90,95.9,-106
17757,82.278,-0.44,1.32,0.00,0.05,-1.32,10.64,95.9,-106
17758,82.361,-0.45,1.33,-0.05,0.10,-1.32,10.64,95.9,-106
17759,82.445,-0.45,1.32,-0.05,0.05,-1.32,10.64,95.9,-106
17760,82.529,-0.37,1.37,-0.05,0.05,-1.37,10.90,96.2,-108
17761,82.629,-0.44,1.37,-0.05,0.05,-1.37,10.90,96.2,-108
17762,82.730,-0.45,1.33,-0.05,0.10,-1.32,10.90,96.2,-108
17763,82.830,-0.45,1.33,-0.05,0.10,-1.32,10.76,96.2,-108
17764,82.930,-0.56,1.32,-0.05,0.05,-1.32,10.76,96.2,-108
17765,83.031,-0.54,1.37,0.00,0.05,-1.37,10.76,96.2,-108
17766,83.131,-0.42,1.37,-0.05,0.05,-1.37,10.90,96.4,-111
17767,83.215,-0.50,1.38,-0.05,0.10,-1.37,10.90,96.4,-111
17768,83.298,-0.44,1.38,0.00,0.10,-1.37,10.90,96.4,-111
17769,83.382,-0.44,1.37,0.00,0.05,-1.37,10.64,96.4,-111
17770,83.466,-0.47,1.38,-0.05,0.10,-1.37,10.64,96.4,-111
17771,83.549,-0.50,1.32,-0.05,0.05,-1.32,10.64,96.4,-111
17772,83.633,-0.49,1.33,0.00,0.10,-1.32,10.90,96.6,-109
17773,83.717,-0.44,1.37,-0.05,0.05,-1.37,10.90,96.6,-109
17774,83.801,-0.38,1.32,-0.05,0.05,-1.32,10.90,96.6,-109
17775,83.885,-0.38,1.33,0.00,0.10,-1.32,10.64,96.6,-109
17776,83.968,-0.46,1.37,0.00,0.00,-1.37,10.64,96.6,-109
17777,84.052,-0.51,1.32,0.00,0.05,-1.32,10.64,96.6,-109
17778,84.136,-0.49,1.32,0.00,0.00,-1.32,10.90,96.8,-109
17779,84.303,-0.55,1.37,0.00,0.05,-1.37,10.90,96.8,-109
17780,84.470,-0.55,1.32,0.00,0.05,-1.32,10.90,96.8,-109
17781,84.637,-0.58,1.38,0.00,0.10,-1.37,10.64,96.8,-109
17782,84.804,-0.53,1.32,0.00,0.05,-1.32,10.64,96.8,-109
17783,84.971,-0.51,1.32,0.00,0.05,-1.32,10.64,96.8,-109
17790,85.138,-0.51,1.32,0.00,-0.05,-1.32,10.35,91.7,-116
17791,85.238,-0.61,1.29,-0.20,0.10,-1.27,10.35,91.7,-116
17792,85.339,-0.67,1.53,-0.20,0.00,-1.52,10.35,91.7,-116
17793,85.439,-0.67,1.35,-0.24,0.10,-1.32,10.08,91.7,-116
17794,85.539,-0.62,1.57,-0.05,0.54,-1.47,10.08,91.7,-116
17795,85.640,-0.57,1.40,0.10,0.24,-1.37,10.08,91.7,-116
17796,85.740,-0.48,1.47,-0.05,0.64,-1.32,10.25,92.1,-93
17797,85.824,-0.49,1.67,-0.24,-0.64,-1.52,10.25,92.1,-93
17798,85.908,-0.46,2.13,-0.54,-0.98,-1.81,10.25,92.1,-93
17799,85.992,-0.46,1.61,-0.59,-0.93,-1.18,10.08,92.1,-93
17800,86.075,-0.48,1.91,-0.05,-1.27,-1.42,10.08,92.1,-93
17801,86.159,-0.47,1.80,0.00,-1.32,-1.22,10.08,92.1,-93
17802,86.243,-0.43,0.30,0.05,-0.29,-0.05,10.35,92.6,-107
17803,86.327,-0.28,0.35,-0.05,-0.34,0.05,10.35,92.6,-107
17804,86.410,-0.16,0.30,0.00,-0.29,0.05,10.35,92.6,-107
17805,86.494,-0.16,0.45,0.05,-0.44,-0.05,10.08,92.6,-107
17806,86.578,-0.04,0.36,0.15,-0.15,-0.29,10.08,92.6,-107
17807,86.661,-0.04,0.55,0.05,-0.24,-0.49,10.08,92.6,-107
17808,86.745,0.09,0.48,-0.05,-0.44,0.20,10.35,93.0,-111
17809,86.829,0.24,0.53,-0.05,-0.44,0.29,10.35,93.0,-111
17810,86.912,0.35,0.31,-0.05,-0.29,0.10,10.35,93.0,-111
17811,86.996,0.35,0.33,0.00,-0.29,0.15,10.08,93.0,-111
17812,87.080,0.34,0.39,0.00,-0.39,0.05,10.08,93.0,-111
17813,87.163,0.41,0.50,0.00,-0.49,0.10,10.08,93.0,-111
17814,87.247,0.48,0.94,-0.44,-0.83,0.00,10.35,93.4,-97
17815,87.331,0.40,0.86,-0.44,-0.74,0.05,10.35,93.4,-97
17816,87.415,0.40,0.89,-0.49,-0.74,0.10,10.35,93.4,-97
17817,87.499,0.42,0.92,-0.54,-0.74,0.10,10.08,93.4,-97
17818,87.583,0.41,1.01,-0.74,-0.69,0.10,10.08,93.4,-97
17819,87.667,0.44,0.87,-0.64,-0.59,0.10,10.08,93.4,-97
17820,87.751,0.42,0.50,0.00,-0.49,0.10,10.35,93.8,-95
17821,87.851,0.46,0.56,0.00,-0.54,0.15,10.35,93.8,-95
17822,87.951,0.46,0.51,0.00,-0.49,0.15,10.35,93.8,-95
17823,88.052,0.50,0.57,-0.10,-0.54,0.15,10.19,93.8,-95
17824,88.152,0.47,0.67,-0.05,-0.64,0.20,10.19,93.8,-95
17825,88.252,0.52,0.72,-0.05,-0.69,0.20,10.19,93.8,-95
17826,88.352,0.57,0.70,-0.54,-0.44,0.00,10.35,94.2,-90
17827,88.436,0.65,0.74,-0.59,-0.44,-0.05,10.35,94.2,-90
17828,88.519,0.64,0.77,-0.54,-0.54,-0.10,10.35,94.2,-90
17829,88.603,0.64,0.80,-0.54,-0.59,-0.05,10.64,94.2,-90
17830,88.687,0.57,0.84,-0.49,-0.69,-0.05,10.64,94.2,-90
17831,88.770,0.58,0.82,-0.49,-0.64,-0.15,10.64,94.2,-90
17832,88.854,0.61,0.46,-0.24,-0.39,0.05,10.90,94.5,-104
17833,88.938,0.64,0.39,-0.20,-0.34,0.00,10.90,94.5,-104
17834,89.022,0.63,0.33,-0.15,-0.29,0.00,10.90,94.5,-104
17835,89.106,0.63,0.42,-0.24,-0.34,0.05,10.64,94.5,-104
17836,89.189,0.66,0.51,-0.24,-0.44,0.05,10.64,94.5,-104
17837,89.273,0.75,0.51,-0.24,-0.44,0.10,10.64,94.5,-104
17838,89.357,0.74,0.49,-0.29,-0.39,0.05,10.90,94.8,-104
17839,89.441,0.76,0.47,-0.24,-0.39,0.10,10.90,94.8,-104
17840,89.524,0.77,0.39,-0.24,-0.29,0.05,10.90,94.8,-104
17841,89.608,0.77,0.32,-0.24,-0.20,0.05,10.64,94.8,-104
17842,89.692,0.65,0.46,-0.39,-0.24,0.00,10.64,94.8,-104
17843,89.775,0.72,0.44,-0.39,-0.20,0.00,10.64,94.8,-104
17844,89.859,0.68,0.81,-0.34,-0.74,0.05,10.90,95.1,-96
17845,89.959,0.67,0.79,-0.39,-0.69,0.05,10.90,95.1,-96
17846,90.060,0.70,0.78,-0.44,-0.64,0.10,10.90,95.1,-96
17847,90.160,0.70,0.57,-0.34,-0.44,0.10,10.76,95.1,-96
17848,90.260,0.66,0.51,-0.24,-0.44,0.05,10.76,95.1,-96
17849,90.361,0.63,0.47,-0.29,-0.34,0.15,10.76,95.1,-96
17850,90.461,0.78,1.36,-0.88,-1.03,0.10,10.90,95.4,-90
17851,90.545,0.72,1.33,-0.78,-1.08,0.00,10.90,95.4,-90
17852,90.629,0.65,1.14,-0.49,-1.03,0.05,10.90,95.4,-90
17853,90.713,0.65,1.10,-0.49,-0.98,0.00,10.64,95.4,-90
17854,90.796,0.62,0.91,-0.54,-0.74,0.05,10.64,95.4,-90
17855,90.880,0.71,0.89,-0.49,-0.74,0.05,10.64,95.4,-90
17856,90.964,0.71,0.74,-0.44,-0.59,0.00,10.90,95.7,-92
17857,91.048,0.64,0.64,-0.34,-0.54,0.05,10.90,95.7,-92
17858,91.131,0.71,0.55,-0.24,-0.49,0.05,10.90,95.7,-92
17859,91.215,0.71,0.68,-0.24,-0.64,-0.05,10.64,95.7,-92
17860,91.299,0.74,0.73,-0.24,-0.69,-0.05,10.64,95.7,-92
17861,91.382,0.69,0.72,-0.20,-0.69,-0.05,10.64,95.7,-92
17862,91.466,0.79,0.89,-0.39,-0.64,0.49,10.90,96.0,-99
17863,91.550,0.72,0.96,-0.54,-0.59,0.54,10.90,96.0,-99
17864,91.633,0.63,1.08,-0.74,-0.69,0.39,10.90,96.0,-99
17865,91.717,0.63,1.31,-0.98,-0.83,0.24,10.64,96.0,-99
17866,91.801,0.61,1.25,-0.83,-0.93,0.05,10.64,96.0,-99
17867,91.884,0.70,1.20,-0.69,-0.98,0.05,10.64,96.0,-99
17868,91.968,0.76,0.99,-0.59,-0.78,0.10,10.90,96.2,-92
17869,92.052,0.69,1.01,-0.49,-0.88,0.05,10.90,96.2,-92
17870,92.135,0.65,0.99,-0.44,-0.88,0.10,10.90,96.2,-92
17871,92.219,0.65,0.90,-0.34,-0.83,0.05,10.76,96.2,-92
17872,92.303,0.60,0.77,-0.44,-0.64,0.00,10.76,96.2,-92
17873,92.386,0.61,0.75,-0.39,-0.64,0.00,10.76,96.2,-92
17874,92.470,0.65,0.74,-0.34,-0.64,0.15,11.02,96.4,-96
17875,92.570,0.61,0.77,-0.34,-0.69,0.10,11.02,96.4,-96
17876,92.671,0.70,0.82,-0.34,-0.74,0.15,11.02,96.4,-96
17877,92.771,0.70,0.78,-0.34,-0.69,0.15,10.76,96.4,-96
17878,92.871,0.64,0.82,-0.44,-0.69,0.10,10.76,96.4,-96
17879,92.972,0.77,0.86,-0.44,-0.74,0.10,10.76,96.4,-96
17880,93.072,0.89,0.97,-0.69,-0.64,-0.24,10.91,96.6,-99
17881,93.156,0.81,0.95,-0.64,-0.64,-0.29,10.91,96.6,-99
17882,93.240,0.78,0.97,-0.64,-0.69,-0.24,10.91,96.6,-99
17883,93.323,0.78,1.00,-0.64,-0.69,-0.34,10.64,96.6,-99
17884,93.407,0.69,0.93,-0.64,-0.64,-0.24,10.64,96.6,-99
17885,93.491,0.70,0.93,-0.64,-0.64,-0.24,10.64,96.6,-99
17886,93.575,0.81,0.57,-0.29,-0.49,-0.05,10.91,96.8,-93
17887,93.659,0.78,0.61,-0.34,-0.49,-0.10,10.91,96.8,-93
17888,93.742,0.78,0.55,-0.24,-0.49,-0.05,10.91,96.8,-93
17889,93.826,0.78,0.61,-0.34,-0.49,-0.10,11.26,96.8,-93
17890,93.910,0.72,0.64,-0.24,-0.59,-0.05,11.26,96.8,-93
17891,93.993,0.71,0.66,-0.29,-0.59,-0.05,11.26,96.8,-93
17892,94.077,0.73,0.76,-0.54,-0.44,-0.29,11.52,97.0,-97
17893,94.161,0.70,0.69,-0.49,-0.39,-0.29,11.52,97.0,-97
17894,94.244,0.69,0.78,-0.54,-0.44,-0.34,11.52,97.0,-97
17895,94.328,0.69,0.81,-0.59,-0.39,-0.39,11.40,97.0,-97
17896,94.412,0.59,0.81,-0.59,-0.44,-0.34,11.40,97.0,-97
17897,94.495,0.64,0.81,-0.59,-0.44,-0.34,11.40,97.0,-97
17898,94.579,0.67,0.44,-0.15,-0.39,-0.15,11.65,97.2,-92
17899,94.679,0.61,0.49,-0.20,-0.44,-0.10,11.65,97.2,-92
17900,94.780,0.62,0.46,-0.20,-0.39,-0.15,11.65,97.2,-92
17901,94.880,0.62,0.44,-0.29,-0.29,-0.15,11.40,97.2,-92
17902,94.981,0.65,0.45,-0.20,-0.39,-0.10,11.40,97.2,-92
17903,95.082,0.66,0.53,-0.29,-0.44,-0.05,11.40,97.2,-92
17904,95.182,0.70,1.07,-0.29,-0.88,-0.54,11.52,97.3,-96
17905,95.266,0.74,0.99,-0.29,-0.74,-0.59,11.52,97.3,-96
17906,95.349,0.82,0.66,-0.29,-0.44,-0.39,11.52,97.3,-96
17907,95.433,0.82,0.57,-0.24,-0.39,-0.34,11.26,97.3,-96
17908,95.517,0.75,0.51,-0.29,-0.29,-0.29,11.26,97.3,-96
17909,95.600,0.79,0.56,-0.29,-0.44,-0.20,11.26,97.3,-96
17910,95.684,0.90,0.92,-0.59,-0.64,-0.29,11.52,97.5,-89
17911,95.768,0.82,0.82,-0.34,-0.69,-0.29,11.52,97.5,-89
17912,95.851,0.78,0.98,-0.15,-0.88,-0.39,11.52,97.5,-89
17913,95.935,0.78,0.96,-0.15,-0.88,-0.34,11.26,97.5,-89
17914,96.019,0.77,0.89,-0.24,-0.83,-0.20,11.26,97.5,-89
17915,96.102,0.80,0.88,-0.29,-0.83,-0.05,11.26,97.5,-89
17916,96.186,0.81,0.97,-0.49,-0.83,-0.05,11.52,97.6,-89
17917,96.270,0.74,0.99,-0.44,-0.88,-0.05,11.52,97.6,-89
17918,96.354,0.77,1.02,-0.64,-0.78,-0.10,11.52,97.6,-89
17919,96.438,0.77,1.11,-0.78,-0.78,-0.05,11.27,97.6,-89
17920,96.521,0.69,1.19,-0.93,-0.74,0.00,11.27,97.6,-89
17921,96.605,0.73,1.11,-0.78,-0.78,-0.05,11.27,97.6,-89
17922,96.689,0.79,0.77,-0.49,-0.54,-0.24,11.52,97.8,-88
17923,96.773,0.77,0.77,-0.49,-0.54,-0.24,11.52,97.8,-88
17924,96.856,0.81,0.86,-0.64,-0.54,-0.20,11.52,97.8,-88
17925,96.940,0.81,0.92,-0.59,-0.69,-0.20,11.40,97.8,-88
17926,97.024,0.75,0.97,-0.64,-0.69,-0.24,11.40,97.8,-88
17927,97.107,0.75,1.08,-0.64,-0.83,-0.24,11.40,97.8,-88
17928,97.191,0.74,0.57,-0.39,-0.39,-0.15,11.65,97.9,-90
17929,97.291,0.73,0.63,-0.39,-0.49,-0.05,11.65,97.9,-90
17930,97.392,0.71,0.71,-0.39,-0.59,-0.05,11.65,97.9,-90
17931,97.492,0.71,0.74,-0.44,-0.59,-0.05,11.40,97.9,-90
17932,97.592,0.66,0.79,-0.39,-0.69,-0.05,11.40,97.9,-90
17933,97.693,0.69,0.89,-0.49,-0.74,-0.10,11.40,97.9,-90
17934,97.793,0.73,0.74,-0.49,-0.39,-0.39,11.52,98.0,-93
17935,97.877,0.67,0.77,-0.54,-0.39,-0.39,11.52,98.0,-93
17936,97.960,0.64,0.71,-0.44,-0.39,-0.39,11.52,98.0,-93
17937,98.044,0.64,0.77,-0.49,-0.39,-0.44,11.26,98.0,-93
17938,98.128,0.64,0.79,-0.49,-0.44,-0.44,11.26,98.0,-93
17939,98.211,0.66,0.80,-0.49,-0.39,-0.49,11.26,98.0,-93
17940,98.295,0.74,0.61,-0.24,-0.54,-0.15,11.52,98.2,-95
17941,98.379,0.69,0.49,-0.20,-0.44,-0.10,11.52,98.2,-95
17942,98.462,0.76,0.44,-0.20,-0.39,-0.05,11.52,98.2,-95
17943,98.546,0.76,0.51,-0.24,-0.44,-0.05,11.27,98.2,-95
17944,98.630,0.74,0.59,-0.24,-0.54,0.00,11.27,98.2,-95
17945,98.713,0.73,0.67,-0.20,-0.64,0.05,11.27,98.2,-95
17946,98.797,0.70,0.70,-0.29,-0.64,-0.05,11.52,98.3,-111
17947,98.881,0.70,0.64,-0.24,-0.59,0.00,11.52,98.3,-111
17948,98.964,0.68,0.50,-0.10,-0.49,-0.05,11.52,98.3,-111
17949,99.048,0.68,0.50,-0.10,-0.49,0.05,11.40,98.3,-111
17950,99.132,0.66,0.45,-0.10,-0.44,0.00,11.40,98.3,-111
17951,99.215,0.72,0.44,-0.20,-0.39,0.00,11.40,98.3,-111
17952,99.299,0.71,0.66,-0.15,-0.54,0.34,11.65,98.4,-90
17953,99.383,0.71,0.65,-0.20,-0.44,0.44,11.65,98.4,-90
17954,99.467,0.78,0.55,-0.29,-0.24,0.39,11.65,98.4,-90
17955,99.550,0.78,0.51,-0.29,-0.24,0.34,11.40,98.4,-90
17956,99.634,0.75,0.53,-0.39,-0.10,0.34,11.40,98.4,-90
17957,99.718,0.73,0.40,-0.29,-0.20,0.20,11.40,98.4,-90
17958,99.802,0.82,0.87,-0.54,0.00,0.69,11.65,98.5,-99
17959,99.902,0.81,0.81,-0.49,0.05,0.64,11.65,98.5,-99
17960,100.003,0.81,0.92,-0.54,0.10,0.74,11.65,98.5,-99
17961,100.103,0.78,0.82,-0.44,0.05,0.69,11.40,98.5,-99
17962,100.203,0.81,0.76,-0.39,0.15,0.64,11.40,98.5,-99
17963,100.304,0.91,0.62,-0.34,0.15,0.49,11.40,98.5,-99
17964,100.404,0.85,0.78,0.05,0.24,0.74,11.52,98.5,-97
17965,100.488,0.88,0.70,0.10,0.10,0.69,11.52,98.5,-97
17966,100.571,0.88,0.68,0.20,0.15,0.64,11.52,98.5,-97
17967,100.655,0.88,0.72,0.15,0.15,0.69,11.27,98.5,-97
17968,100.739,0.85,0.57,0.15,0.24,0.49,11.27,98.5,-97
17969,100.822,0.93,0.54,0.20,0.24,0.44,11.27,98.5,-97
17970,100.906,1.08,1.21,0.20,0.69,0.98,11.52,98.6,-98
17971,100.990,1.05,1.27,0.20,0.78,0.98,11.52,98.6,-98
17972,101.074,1.09,1.24,0.00,0.69,1.03,11.52,98.6,-98
17973,101.157,1.09,1.16,-0.20,0.59,0.98,11.26,98.6,-98
17974,101.241,1.10,1.20,-0.29,0.54,1.03,11.26,98.6,-98
17975,101.325,1.10,1.02,-0.15,0.49,0.88,11.26,98.6,-98
17976,101.409,1.15,0.86,0.10,0.34,0.78,11.52,98.7,-89
17977,101.493,1.13,0.95,0.24,0.24,0.88,11.52,98.7,-89
17978,101.576,1.12,0.79,0.20,0.20,0.74,11.52,98.7,-89
17979,101.660,1.12,0.82,0.15,0.20,0.78,11.40,98.7,-89
17980,101.744,1.05,0.92,0.15,0.20,0.88,11.40,98.7,-89
17981,101.827,0.99,1.03,0.05,0.10,1.03,11.40,98.7,-89
17982,101.911,1.02,0.40,0.20,0.24,0.24,11.65,98.8,-88
17983,101.995,0.96,0.44,0.20,0.20,0.34,11.65,98.8,-88
17984,102.078,1.01,0.48,0.24,0.15,0.39,11.65,98.8,-88
17985,102.162,1.01,0.67,0.20,0.10,0.64,11.40,98.8,-88
17986,102.246,0.99,0.75,0.29,0.00,0.69,11.40,98.8,-88
17987,102.329,0.91,0.88,0.29,-0.05,0.83,11.40,98.8,-88
17988,102.413,0.83,0.79,-0.44,-0.44,0.49,11.65,98.9,-91
17989,102.513,0.85,0.92,-0.44,-0.49,0.64,11.65,98.9,-91
17990,102.614,0.69,0.86,-0.39,-0.49,0.59,11.65,98.9,-91
17991,102.715,0.69,0.83,-0.29,-0.64,0.44,11.40,98.9,-91
17992,102.815,0.68,0.76,-0.29,-0.64,0.29,11.40,98.9,-91
17993,102.916,0.59,0.73,-0.34,-0.54,0.34,11.40,98.9,-91
17994,103.016,0.68,0.65,-0.44,-0.20,0.44,11.52,98.9,-87
17995,103.117,0.61,0.64,-0.39,-0.24,0.44,11.52,98.9,-87
17996,103.217,0.66,0.71,-0.39,-0.24,0.54,11.52,98.9,-87
17997,103.318,0.66,0.70,-0.29,-0.24,0.59,11.26,98.9,-87
17998,103.418,0.66,0.80,-0.44,-0.20,0.64,11.26,98.9,-87
17999,103.519,0.72,0.68,-0.44,-0.15,0.49,11.26,98.9,-87
