sid,time,altitude,acceleration,acceleration-X,acceleration-Y,acceleration-Z,SPS,Reliability,RSSI
4116,-0.554,0.00,0.99,0.93,0.15,-0.29,0.00,100.0,-83
4117,-0.354,-0.05,0.98,0.93,0.10,-0.29,0.00,100.0,-83
4118,-0.154,-0.03,0.96,0.93,0.15,-0.20,15.00,100.0,-83
4119,0.046,-0.03,0.97,0.93,0.15,-0.24,10.00,100.0,-83
4120,0.246,-0.06,0.97,0.93,0.15,-0.24,7.50,100.0,-83
4121,0.446,-0.10,0.91,0.88,0.10,-0.20,6.00,100.0,-83
4122,0.546,-0.05,1.00,0.98,0.10,-0.20,5.45,100.0,-83
4123,0.647,-0.06,0.96,0.93,0.10,-0.20,9.99,100.0,-83
4124,0.747,-0.03,0.93,0.88,0.15,-0.24,9.22,100.0,-83
4125,0.848,-0.03,0.97,0.93,0.15,-0.24,8.56,100.0,-83
4126,0.948,-0.06,0.96,0.93,0.10,-0.20,7.99,100.0,-83
4128,1.132,-0.12,0.96,0.93,0.15,-0.20,10.67,100.0,-83
4129,1.216,-0.18,1.01,0.98,0.05,-0.24,10.17,100.0,-83
4130,1.299,-0.14,0.96,0.93,0.15,-0.20,9.71,100.0,-83
4131,1.383,-0.14,0.92,0.88,0.10,-0.24,9.29,100.0,-83
4132,1.467,-0.19,0.89,0.83,0.20,-0.24,8.91,100.0,-83
4134,1.634,-0.07,0.96,0.93,0.15,-0.20,10.97,100.0,-86
4135,1.718,-0.11,1.01,0.98,0.15,-0.20,10.56,100.0,-86
4136,1.801,-0.06,0.98,0.93,0.10,-0.29,10.19,100.0,-86
4137,1.885,-0.06,0.93,0.88,0.15,-0.24,9.84,100.0,-86
4138,1.969,-0.10,1.01,0.98,0.10,-0.24,9.51,100.0,-86
4140,2.136,-0.06,0.99,0.93,0.15,-0.29,11.15,100.0,-88
4141,2.220,-0.06,0.97,0.93,0.10,-0.24,10.81,100.0,-88
4142,2.304,-0.07,0.96,0.93,0.10,-0.20,10.50,100.0,-88
4143,2.387,-0.07,0.97,0.93,0.10,-0.24,10.20,100.0,-88
4144,2.471,-0.06,0.97,0.93,0.10,-0.24,9.92,100.0,-88
4145,2.555,-0.11,0.91,0.88,0.10,-0.20,9.65,100.0,-88
4146,2.638,-0.06,0.97,0.93,0.10,-0.24,11.28,100.0,-92
4147,2.722,-0.15,0.96,0.93,0.10,-0.20,10.99,100.0,-92
4148,2.806,-0.15,0.93,0.88,0.15,-0.24,10.71,100.0,-92
4149,2.889,-0.15,0.99,0.93,0.15,-0.29,10.45,100.0,-92
4150,2.973,-0.13,0.94,0.88,0.15,-0.29,10.21,100.0,-92
4152,3.157,-0.10,0.95,0.93,0.10,-0.15,11.32,100.0,-92
4153,3.258,-0.13,1.03,0.98,0.15,-0.29,11.02,100.0,-92
4154,3.358,-0.15,0.96,0.93,0.15,-0.20,10.74,100.0,-92
4155,3.458,-0.15,0.96,0.93,0.10,-0.20,10.47,100.0,-92
4156,3.559,-0.19,1.04,0.98,0.10,-0.34,10.21,100.0,-92
4158,3.743,-0.20,0.93,0.88,0.15,-0.24,11.17,100.0,-92
4159,3.826,-0.25,1.03,0.98,0.15,-0.29,10.96,100.0,-92
4160,3.910,-0.21,0.95,0.93,0.10,-0.15,10.75,100.0,-92
4161,3.994,-0.21,0.96,0.93,0.10,-0.20,10.55,100.0,-92
4162,4.078,-0.26,0.97,0.93,0.15,-0.24,10.36,100.0,-92
4164,4.245,-0.17,0.92,0.88,0.10,-0.24,11.25,100.0,-92
4165,4.329,-0.26,0.97,0.93,0.20,-0.20,11.06,100.0,-92
4166,4.412,-0.25,0.92,0.88,0.10,-0.24,10.87,100.0,-92
4167,4.496,-0.25,0.97,0.93,0.10,-0.24,10.69,100.0,-92
4168,4.580,-0.30,0.97,0.93,0.10,-0.24,10.52,100.0,-92
4169,4.663,-0.26,0.97,0.93,0.15,-0.24,10.35,100.0,-92
4170,4.747,-0.19,1.01,0.98,0.10,-0.24,11.32,100.0,-93
4171,4.831,-0.19,0.96,0.93,0.10,-0.20,11.14,100.0,-93
4172,4.914,-0.18,0.95,0.93,0.15,-0.10,10.97,100.0,-93
4173,4.998,-0.18,0.93,0.88,0.15,-0.24,10.81,100.0,-93
4174,5.082,-0.21,0.96,0.93,0.15,-0.20,10.65,100.0,-93
4175,5.166,-0.16,0.97,0.93,0.15,-0.24,10.49,100.0,-93
4176,5.266,-0.17,0.96,0.93,0.05,-0.24,11.34,100.0,-92
4177,5.366,-0.21,0.97,0.93,0.10,-0.24,11.15,100.0,-92
4178,5.467,-0.26,0.92,0.88,0.15,-0.20,10.96,100.0,-92
4179,5.567,-0.26,0.97,0.93,0.10,-0.24,10.78,100.0,-92
4180,5.667,-0.24,0.98,0.93,0.20,-0.24,10.61,100.0,-92
4182,5.851,-0.20,0.92,0.88,0.15,-0.20,11.24,100.0,-92
4183,5.935,-0.23,0.95,0.93,0.15,-0.10,11.10,100.0,-92
4184,6.019,-0.25,0.96,0.93,0.10,-0.20,10.95,100.0,-92
4185,6.103,-0.25,0.95,0.93,0.05,-0.20,10.82,100.0,-92
4186,6.186,-0.26,0.99,0.93,0.15,-0.29,10.68,100.0,-92
4188,6.354,-0.18,0.97,0.93,0.10,-0.24,11.29,100.0,-92
4189,6.437,-0.19,0.98,0.93,0.10,-0.29,11.16,100.0,-92
4190,6.521,-0.17,1.00,0.98,0.10,-0.20,11.02,100.0,-92
4191,6.605,-0.17,0.96,0.93,0.15,-0.20,10.90,100.0,-92
4192,6.688,-0.22,1.00,0.98,0.10,-0.20,10.77,100.0,-92
4193,6.772,-0.24,0.96,0.93,0.10,-0.20,10.65,100.0,-92
4194,6.856,-0.18,0.96,0.93,0.10,-0.20,11.34,100.0,-91
4195,6.939,-0.10,0.96,0.93,0.15,-0.20,11.21,100.0,-91
4196,7.023,-0.07,0.97,0.93,0.15,-0.24,11.09,100.0,-91
4197,7.107,-0.07,0.92,0.88,0.15,-0.20,10.96,100.0,-91
4198,7.191,-0.08,0.96,0.93,0.15,-0.20,10.85,100.0,-91
4200,7.375,-0.02,0.97,0.93,0.10,-0.24,11.35,100.0,-85
4201,7.475,-0.16,1.07,1.03,0.10,-0.29,11.21,100.0,-85
4202,7.575,-0.16,0.97,0.93,0.10,-0.24,11.07,100.0,-85
4203,7.676,-0.16,0.92,0.88,0.20,-0.20,10.94,100.0,-85
4204,7.776,-0.22,0.97,0.93,0.10,-0.24,10.80,100.0,-85
4206,7.960,-0.14,0.96,0.93,0.15,-0.20,11.27,100.0,-84
4207,8.044,-0.13,0.97,0.93,0.10,-0.24,11.17,100.0,-84
4208,8.128,-0.18,0.91,0.88,0.15,-0.15,11.06,100.0,-84
4209,8.211,-0.18,0.98,0.93,0.20,-0.24,10.95,100.0,-84
4210,8.295,-0.18,0.97,0.93,0.15,-0.24,10.85,100.0,-84
4212,8.462,-0.20,0.96,0.93,0.15,-0.20,11.31,100.0,-84
4213,8.546,-0.12,0.96,0.93,0.15,-0.20,11.21,100.0,-84
4214,8.630,-0.16,0.96,0.93,0.10,-0.20,11.11,100.0,-84
4215,8.714,-0.16,1.01,0.98,0.15,-0.20,11.01,100.0,-84
4216,8.797,-0.14,1.06,1.03,0.15,-0.20,10.91,100.0,-84
4218,8.965,-0.11,0.97,0.93,0.10,-0.24,11.35,100.0,-81
4219,9.048,-0.15,0.97,0.93,0.15,-0.24,11.25,100.0,-81
4220,9.132,-0.11,0.95,0.93,0.15,-0.15,11.15,100.0,-81
4221,9.216,-0.11,0.97,0.93,0.15,-0.24,11.05,100.0,-81
4222,9.299,-0.17,0.96,0.93,0.10,-0.20,10.96,100.0,-81
4223,9.383,-0.22,0.92,0.88,0.10,-0.24,10.87,100.0,-81
4224,9.467,-0.16,0.96,0.93,0.10,-0.20,11.38,100.0,-81
4225,9.551,-0.18,0.99,0.93,0.15,-0.29,11.28,100.0,-81
4226,9.634,-0.22,0.96,0.93,0.10,-0.20,11.19,100.0,-81
4227,9.718,-0.22,0.94,0.88,0.20,-0.24,11.10,100.0,-81
4228,9.802,-0.20,0.99,0.93,0.15,-0.29,11.22,100.0,-81
4230,9.986,-0.09,1.01,0.98,0.15,-0.20,11.24,100.0,-81
4231,10.086,-0.13,0.95,0.93,0.10,-0.15,11.35,100.0,-81
4232,10.186,-0.16,0.94,0.88,0.20,-0.24,11.47,100.0,-81
4233,10.287,-0.16,0.97,0.93,0.15,-0.24,11.58,100.0,-81
4234,10.387,-0.16,0.92,0.88,0.10,-0.24,11.58,100.0,-81
4236,10.571,-0.05,0.97,0.93,0.10,-0.24,11.49,100.0,-80
4237,10.655,-0.08,1.00,0.98,0.15,-0.10,11.51,100.0,-80
4238,10.739,-0.13,1.02,0.98,0.20,-0.20,11.53,100.0,-80
4239,10.822,-0.13,1.01,0.98,0.15,-0.20,11.55,100.0,-80
4240,10.906,-0.16,0.93,0.88,0.15,-0.24,11.05,100.0,-80
4242,11.073,-0.04,0.96,0.93,0.10,-0.20,11.56,100.0,-80
4243,11.157,-0.02,0.96,0.93,0.15,-0.20,11.56,100.0,-80
4244,11.241,-0.03,0.92,0.88,0.20,-0.20,11.56,100.0,-80
4245,11.325,-0.03,1.02,0.98,0.15,-0.24,11.56,100.0,-80
4246,11.408,0.02,0.97,0.93,0.15,-0.24,11.05,100.0,-80
4247,11.492,-0.08,0.93,0.88,0.15,-0.24,11.05,100.0,-80
4248,11.576,0.01,1.01,0.98,0.15,-0.20,11.66,100.0,-76
4249,11.659,0.01,0.93,0.88,0.15,-0.24,11.66,100.0,-76
4250,11.743,-0.01,0.93,0.88,0.15,-0.24,11.66,100.0,-76
4251,11.827,-0.01,0.96,0.93,0.10,-0.20,11.14,100.0,-76
4252,11.910,-0.01,0.87,0.83,0.15,-0.20,11.14,100.0,-76
4254,12.094,0.00,0.97,0.93,0.10,-0.24,11.64,100.0,-76
4255,12.195,-0.10,0.97,0.93,0.20,-0.20,11.62,100.0,-76
4256,12.295,-0.07,0.92,0.88,0.15,-0.20,11.60,100.0,-76
4257,12.396,-0.07,0.96,0.93,0.10,-0.20,11.58,100.0,-76
4258,12.496,-0.11,0.92,0.88,0.15,-0.20,10.96,100.0,-76
4260,12.680,-0.15,0.97,0.93,0.10,-0.24,11.45,100.0,-80
4261,12.764,-0.20,0.96,0.93,0.15,-0.20,11.45,100.0,-80
4262,12.847,-0.21,0.95,0.93,0.15,-0.15,11.45,100.0,-80
4263,12.931,-0.21,1.00,0.98,0.10,-0.20,11.45,100.0,-80
4264,13.015,-0.27,0.98,0.93,0.10,-0.29,10.96,100.0,-80
4265,13.099,-0.30,0.97,0.93,0.10,-0.24,10.97,100.0,-80
4266,13.182,-0.19,0.97,0.93,0.10,-0.24,10.99,100.0,-77
4267,13.266,-0.22,0.97,0.93,0.15,-0.24,11.01,100.0,-77
4268,13.350,-0.23,0.96,0.93,0.10,-0.20,11.03,100.0,-77
4269,13.433,-0.23,0.96,0.88,0.15,-0.34,10.53,100.0,-77
4270,13.517,-0.24,0.93,0.88,0.15,-0.24,10.53,100.0,-77
4271,13.601,-0.28,0.94,0.88,0.20,-0.24,11.14,94.5,-77
4278,13.784,-0.13,1.00,0.98,0.10,-0.20,11.03,94.5,-80
4279,13.968,-0.11,0.98,0.93,0.10,-0.29,10.92,94.5,-80
4280,14.152,-0.04,0.97,0.93,0.15,-0.24,10.30,94.5,-80
4281,14.335,-0.04,0.97,0.93,0.10,-0.24,10.19,94.5,-80
4282,14.519,-0.08,0.92,0.88,0.10,-0.24,10.69,94.8,-80
4283,14.703,0.01,0.97,0.93,0.15,-0.24,10.58,94.8,-80
4284,14.786,0.02,0.99,0.93,0.15,-0.29,10.58,94.8,-84
4285,14.870,-0.07,0.93,0.88,0.15,-0.24,10.58,94.8,-84
4286,14.953,-0.10,0.96,0.93,0.15,-0.20,10.58,95.1,-84
4287,15.037,-0.10,0.97,0.93,0.15,-0.24,10.58,95.1,-84
4288,15.121,-0.14,0.94,0.88,0.15,-0.29,10.58,95.1,-84
4289,15.204,-0.15,0.96,0.93,0.15,-0.20,10.58,95.1,-84
4290,15.288,-0.17,0.95,0.93,0.15,-0.15,10.58,95.1,-87
4291,15.372,-0.13,0.91,0.88,0.15,-0.15,10.58,95.1,-87
4292,15.455,-0.16,0.92,0.88,0.15,-0.20,10.60,95.4,-87
4293,15.539,-0.16,0.98,0.93,0.20,-0.24,10.62,95.4,-87
4294,15.623,-0.25,0.93,0.88,0.15,-0.24,10.63,95.4,-87
4295,15.707,-0.24,0.97,0.93,0.10,-0.24,10.65,95.4,-87
4296,15.790,-0.20,1.00,0.98,0.10,-0.20,10.67,95.4,-84
4297,15.874,-0.16,1.00,0.98,0.10,-0.15,10.78,95.7,-84
4298,15.958,-0.13,1.02,0.98,0.15,-0.24,10.78,95.7,-84
4299,16.041,-0.13,0.96,0.93,0.15,-0.20,10.78,95.7,-84
4300,16.125,-0.15,0.97,0.93,0.15,-0.24,10.78,95.7,-84
4301,16.209,-0.07,0.92,0.88,0.15,-0.20,10.78,95.7,-84
4302,16.292,-0.02,0.91,0.88,0.10,-0.20,10.26,95.7,-86
4303,16.376,0.00,1.00,0.98,0.10,-0.20,10.87,95.9,-86
4304,16.460,0.03,0.98,0.93,0.10,-0.29,10.87,95.9,-86
4305,16.543,0.03,0.96,0.93,0.15,-0.20,10.87,95.9,-86
4306,16.627,0.00,0.97,0.93,0.10,-0.24,10.87,95.9,-86
4308,16.811,0.05,1.00,0.93,0.10,-0.34,11.36,96.2,-88
4309,16.911,-0.04,0.92,0.88,0.15,-0.20,10.74,96.2,-88
4310,17.012,-0.01,0.97,0.93,0.15,-0.24,10.72,96.2,-88
4311,17.112,-0.01,0.87,0.83,0.15,-0.20,10.70,96.2,-88
4312,17.212,-0.09,0.97,0.93,0.15,-0.24,10.69,96.2,-88
4314,17.396,0.07,0.92,0.88,0.10,-0.24,11.17,96.4,-87
4315,17.480,0.04,0.91,0.88,0.10,-0.20,10.69,96.4,-87
4316,17.564,0.09,0.92,0.88,0.15,-0.20,10.71,96.4,-87
4317,17.647,0.09,0.99,0.93,0.15,-0.29,10.72,96.4,-87
4320,17.898,0.12,0.94,0.88,0.15,-0.29,11.15,96.6,-88
4321,17.982,0.09,0.96,0.93,0.15,-0.20,11.17,96.6,-88
4322,18.066,0.03,1.01,0.93,0.10,-0.39,10.69,96.6,-88
4323,18.149,0.03,1.04,0.98,0.10,-0.34,10.69,96.6,-88
4324,18.233,0.00,0.98,0.93,0.20,-0.24,10.69,96.6,-88
4326,18.400,0.02,1.02,0.98,0.05,-0.29,11.19,96.8,-85
4327,18.484,-0.03,0.97,0.93,0.10,-0.24,11.19,96.8,-85
4328,18.568,-0.07,0.97,0.93,0.15,-0.24,10.69,96.8,-85
4329,18.651,-0.07,0.94,0.88,0.24,-0.20,10.69,96.8,-85
4332,18.919,0.07,0.97,0.88,0.10,-0.39,11.08,97.0,-88
4333,19.019,0.06,0.97,0.88,0.20,-0.34,11.06,97.0,-88
4334,19.120,0.04,1.01,0.98,0.24,0.00,11.04,97.0,-88
4335,19.220,0.04,0.95,0.93,0.20,-0.05,10.53,97.0,-88
4336,19.320,0.06,0.95,0.93,0.10,-0.15,10.51,97.0,-88
4338,19.504,-0.03,0.94,0.93,0.15,0.00,10.99,97.2,-87
4339,19.588,0.01,0.95,0.93,0.20,0.00,10.99,97.2,-87
4340,19.671,0.04,0.97,0.93,0.20,-0.20,10.99,97.2,-87
4341,19.755,0.04,1.07,0.93,0.20,-0.49,10.99,97.2,-87
4344,20.006,-0.12,1.03,0.93,0.05,-0.44,10.82,97.3,-87
4345,20.090,-0.10,0.96,0.93,0.15,-0.20,10.82,97.3,-87
4346,20.173,-0.06,0.95,0.93,0.05,-0.20,10.82,97.3,-87
4347,20.257,-0.06,1.02,0.98,0.05,-0.29,10.82,97.3,-87
4348,20.341,-0.14,0.97,0.93,0.10,-0.24,10.82,97.3,-87
4349,20.424,-0.12,0.91,0.88,0.10,-0.20,10.35,97.3,-87
4350,20.508,-0.10,0.96,0.93,0.10,-0.20,10.94,97.5,-86
4351,20.592,-0.06,0.98,0.93,0.05,-0.29,10.96,97.5,-86
4352,20.675,-0.11,1.04,0.98,0.20,-0.29,10.97,97.5,-86
4353,20.759,-0.11,0.99,0.93,0.15,-0.29,10.99,97.5,-86
4354,20.843,-0.13,0.94,0.88,0.15,-0.29,10.51,97.5,-86
4356,21.027,-0.09,1.00,0.93,0.10,-0.34,10.99,97.6,-86
4357,21.127,-0.15,0.93,0.88,0.10,-0.29,10.97,97.6,-86
4358,21.227,-0.06,0.97,0.93,0.15,-0.24,10.96,97.6,-86
4359,21.328,-0.06,0.95,0.93,0.10,-0.15,10.94,97.6,-86
4360,21.428,-0.15,0.98,0.93,0.20,-0.24,10.43,97.6,-86
4362,21.612,-0.09,1.06,0.98,0.20,-0.34,10.90,97.8,-87
4363,21.696,-0.10,1.03,0.93,0.20,-0.39,10.90,97.8,-87
4364,21.779,-0.06,1.01,0.93,0.10,-0.39,10.90,97.8,-87
4365,21.863,-0.06,1.00,0.98,0.05,-0.20,10.90,97.8,-87
4366,21.947,-0.11,0.89,0.88,0.10,-0.10,10.90,97.8,-87
4368,22.114,-0.01,0.93,0.88,0.15,-0.24,10.82,97.9,-87
4369,22.198,0.02,1.00,0.98,0.10,-0.15,10.82,97.9,-87
4370,22.281,-0.01,0.91,0.88,0.10,-0.20,10.82,97.9,-87
4371,22.365,-0.01,0.99,0.93,0.15,-0.29,10.82,97.9,-87
4372,22.449,0.00,0.97,0.93,0.15,-0.24,10.82,97.9,-87
4374,22.616,0.05,0.91,0.88,0.10,-0.20,10.83,98.0,-88
4375,22.700,0.03,0.98,0.93,0.10,-0.29,10.85,98.0,-88
4376,22.783,0.07,0.97,0.88,0.20,-0.34,10.87,98.0,-88
4377,22.867,0.07,0.97,0.93,0.15,-0.24,10.89,98.0,-88
4378,22.951,0.07,1.00,0.93,0.15,-0.34,10.90,98.0,-88
4380,23.118,0.01,0.97,0.93,0.10,-0.24,10.92,98.1,-86
4381,23.202,-0.10,1.01,0.98,0.10,-0.24,10.92,98.1,-86
4382,23.285,-0.02,0.96,0.93,0.10,-0.20,10.92,98.1,-86
4383,23.369,-0.02,0.97,0.93,0.20,-0.20,10.92,98.1,-86
4386,23.637,-0.06,1.04,0.98,0.10,-0.34,11.30,98.2,-86
4387,23.737,-0.06,0.98,0.93,0.10,-0.29,11.28,98.2,-86
4388,23.837,-0.12,1.11,0.98,0.15,-0.49,11.26,98.2,-86
4389,23.938,-0.12,1.09,0.93,0.15,-0.54,11.24,98.2,-86
4390,24.038,-0.19,1.06,0.93,0.15,-0.49,11.23,98.2,-86
4391,24.138,-0.16,0.96,0.88,0.15,-0.34,11.21,98.2,-86
4392,24.222,-0.10,1.00,0.93,0.15,-0.34,11.77,98.4,-87
4393,24.306,-0.05,0.89,0.83,0.10,-0.29,11.21,98.4,-87
4394,24.389,-0.04,0.93,0.88,0.15,-0.24,11.32,98.4,-87
4395,24.473,-0.04,0.98,0.88,0.20,-0.39,11.42,98.4,-87
4396,24.557,-0.05,1.00,0.98,0.15,-0.15,11.53,98.4,-87
4398,24.724,0.04,0.97,0.93,0.10,-0.24,12.13,98.4,-87
4399,24.808,0.02,0.91,0.88,0.10,-0.20,11.66,98.4,-87
4400,24.891,-0.01,0.97,0.93,0.10,-0.24,11.78,98.4,-87
4401,24.975,-0.01,0.97,0.93,0.15,-0.24,11.78,98.4,-87
4402,25.059,-0.08,0.97,0.93,0.15,-0.24,11.78,98.4,-87
4404,25.226,-0.10,1.01,0.98,0.10,-0.24,11.68,98.5,-88
4405,25.310,-0.07,0.93,0.88,0.15,-0.24,11.68,98.5,-88
4406,25.393,-0.13,0.96,0.93,0.15,-0.20,11.68,98.5,-88
4407,25.477,-0.13,0.96,0.93,0.10,-0.20,11.68,98.5,-88
4408,25.561,-0.13,0.97,0.93,0.15,-0.24,11.68,98.5,-88
4410,25.745,-0.11,0.99,0.98,0.05,-0.10,12.15,98.6,-87
4411,25.845,-0.11,1.01,0.98,0.05,-0.24,11.55,98.6,-87
4412,25.945,-0.07,0.97,0.93,0.10,-0.24,11.53,98.6,-87
4413,26.046,-0.07,0.96,0.93,0.10,-0.20,11.51,98.6,-87
4414,26.146,-0.20,0.99,0.93,0.15,-0.29,11.49,98.6,-87
4416,26.330,-0.15,0.97,0.93,0.10,-0.24,11.95,98.7,-89
4417,26.414,-0.08,0.98,0.93,0.20,-0.24,11.39,98.7,-89
4418,26.497,-0.13,0.96,0.93,0.15,-0.20,11.39,98.7,-89
4419,26.581,-0.13,1.00,0.98,0.10,-0.20,11.39,98.7,-89
4420,26.665,-0.08,0.84,0.78,0.20,-0.24,11.39,98.7,-89
4421,26.748,-0.10,0.99,0.93,0.15,-0.29,11.39,98.7,-89
4422,26.832,-0.05,0.99,0.93,0.15,-0.29,11.95,98.8,-82
4423,26.916,-0.04,0.93,0.88,0.15,-0.24,11.39,98.8,-82
4424,26.999,-0.10,0.99,0.93,0.15,-0.29,11.39,98.8,-82
4425,27.083,-0.10,0.91,0.88,0.10,-0.20,11.39,98.8,-82
4426,27.167,-0.11,0.97,0.93,0.15,-0.24,11.39,98.8,-82
4427,27.250,-0.06,0.93,0.88,0.15,-0.24,10.92,98.8,-82
4428,27.334,-0.02,0.93,0.88,0.15,-0.24,11.51,98.9,-79
4429,27.418,-0.05,0.97,0.93,0.10,-0.24,11.53,98.9,-79
4430,27.501,-0.06,0.91,0.88,0.10,-0.20,11.55,98.9,-79
4431,27.585,-0.06,1.03,0.98,0.10,-0.29,11.57,98.9,-79
4432,27.669,-0.05,1.00,0.93,0.10,-0.34,11.10,98.9,-79
4434,27.853,-0.06,1.01,0.98,0.10,-0.24,11.57,98.9,-84
4435,27.953,-0.01,1.01,0.98,0.15,-0.20,11.55,98.9,-84
4436,28.053,-0.02,0.96,0.93,0.10,-0.20,11.53,98.9,-84
4437,28.154,-0.02,0.92,0.88,0.10,-0.24,11.12,98.9,-84
4438,28.254,-0.08,0.96,0.93,0.15,-0.20,11.10,98.9,-84
4440,28.438,0.03,0.94,0.93,0.10,-0.10,11.57,99.0,-80
4441,28.522,-0.02,0.91,0.88,0.10,-0.20,11.57,99.0,-80
4442,28.605,0.00,0.91,0.88,0.10,-0.20,11.57,99.0,-80
4443,28.689,0.00,1.01,0.98,0.10,-0.24,11.08,99.0,-80
4446,28.940,0.00,0.97,0.93,0.15,-0.24,11.48,99.0,-77
4447,29.024,0.01,0.97,0.93,0.15,-0.24,11.48,99.0,-77
4448,29.107,0.03,1.02,0.98,0.15,-0.24,11.48,99.0,-77
4449,29.191,0.03,0.99,0.98,0.05,-0.15,11.10,99.0,-77
4452,29.442,0.14,1.01,0.98,0.15,-0.20,11.51,99.1,-76
4453,29.526,0.16,0.96,0.93,0.15,-0.20,11.53,99.1,-76
4454,29.609,0.09,0.97,0.93,0.10,-0.24,11.55,99.1,-76
4455,29.693,0.09,0.97,0.93,0.15,-0.24,11.57,99.1,-76
4456,29.777,0.03,0.95,0.93,0.15,-0.10,11.10,99.1,-76
4458,29.944,0.04,0.99,0.93,0.15,-0.29,11.59,99.2,-76
4459,30.028,0.00,0.93,0.88,0.15,-0.24,11.59,99.2,-76
4460,30.111,0.03,1.01,0.98,0.05,-0.24,11.59,99.2,-76
4461,30.195,0.03,0.97,0.93,0.10,-0.24,11.19,99.2,-76
4464,30.463,0.04,0.92,0.88,0.15,-0.20,11.57,99.2,-77
4465,30.563,0.01,0.95,0.93,0.10,-0.15,11.55,99.2,-77
4466,30.663,-0.01,0.90,0.88,0.10,-0.15,11.53,99.2,-77
4467,30.764,-0.01,0.92,0.88,0.15,-0.20,11.51,99.2,-77
4468,30.864,-0.09,0.96,0.93,0.10,-0.20,11.49,99.2,-77
4470,31.048,0.04,0.96,0.93,0.10,-0.20,11.39,99.2,-76
4471,31.132,0.00,0.92,0.88,0.15,-0.20,11.39,99.2,-76
4472,31.215,-0.03,0.93,0.88,0.15,-0.24,11.39,99.2,-76
4473,31.299,-0.03,1.00,0.98,0.05,-0.20,11.39,99.2,-76
4476,31.550,0.08,0.93,0.88,0.15,-0.24,11.77,99.3,-77
4477,31.634,0.06,1.00,0.98,0.10,-0.20,11.31,99.3,-77
4478,31.717,0.02,0.97,0.93,0.15,-0.24,11.33,99.3,-77
4479,31.801,0.02,1.01,0.98,0.05,-0.24,11.35,99.3,-77
4480,31.885,-0.04,0.97,0.93,0.10,-0.24,11.37,99.3,-77
4481,31.968,0.05,0.97,0.93,0.10,-0.24,11.38,99.3,-77
4482,32.052,0.03,0.92,0.88,0.15,-0.20,11.49,99.3,-76
4483,32.136,-0.01,0.97,0.93,0.15,-0.24,11.49,99.3,-76
4484,32.220,0.05,0.97,0.93,0.15,-0.24,11.49,99.3,-76
4485,32.303,0.05,0.92,0.88,0.10,-0.24,11.49,99.3,-76
4488,32.571,0.10,0.97,0.93,0.15,-0.24,11.86,99.4,-76
4489,32.671,0.04,0.99,0.93,0.15,-0.29,11.37,99.4,-76
4490,32.771,0.05,0.91,0.88,0.10,-0.20,11.35,99.4,-76
4491,32.872,0.05,0.97,0.93,0.10,-0.24,11.33,99.4,-76
4494,33.156,0.04,0.97,0.93,0.10,-0.24,11.68,99.4,-76
4495,33.240,0.00,0.97,0.93,0.15,-0.24,11.68,99.4,-76
4496,33.323,0.06,0.96,0.93,0.10,-0.20,11.21,99.4,-76
4497,33.407,0.06,0.93,0.88,0.15,-0.24,11.21,99.4,-76
4500,33.658,0.04,0.96,0.93,0.15,-0.20,11.59,99.4,-76
4501,33.742,0.06,0.96,0.93,0.10,-0.20,11.59,99.4,-76
4502,33.825,0.09,1.01,0.98,0.10,-0.24,11.59,99.4,-76
4503,33.909,0.09,0.97,0.93,0.15,-0.24,11.12,99.4,-76
4504,33.993,0.07,0.95,0.93,0.15,-0.15,11.12,99.4,-76
4506,34.160,0.12,0.95,0.93,0.10,-0.15,11.59,99.5,-76
4507,34.243,0.09,0.97,0.93,0.10,-0.24,11.59,99.5,-76
4508,34.327,0.04,0.97,0.93,0.15,-0.24,11.23,99.5,-76
4509,34.410,0.04,1.02,0.98,0.15,-0.24,11.24,99.5,-76
4512,34.678,0.01,0.92,0.88,0.15,-0.20,11.62,99.5,-77
4513,34.778,-0.01,0.94,0.88,0.15,-0.29,11.62,99.5,-77
4514,34.878,-0.01,0.97,0.93,0.15,-0.24,11.62,99.5,-77
4515,34.979,-0.01,0.96,0.93,0.10,-0.20,11.62,99.5,-77
4518,35.263,0.03,0.95,0.93,0.10,-0.15,11.41,99.5,-76
4519,35.347,-0.01,0.97,0.93,0.10,-0.24,11.41,99.5,-76
4520,35.430,-0.05,0.98,0.93,0.10,-0.29,11.41,99.5,-76
4521,35.514,-0.05,0.90,0.88,0.10,-0.15,11.41,99.5,-76
4522,35.598,-0.03,0.97,0.93,0.10,-0.24,11.41,99.5,-76
4524,35.765,0.05,0.93,0.88,0.15,-0.24,11.41,99.6,-76
4525,35.849,0.03,0.97,0.93,0.10,-0.24,11.41,99.6,-76
4526,35.932,0.06,0.96,0.93,0.15,-0.20,11.41,99.6,-76
4527,36.016,0.06,0.98,0.93,0.10,-0.29,11.41,99.6,-76
4528,36.100,0.01,0.90,0.83,0.15,-0.29,11.41,99.6,-76
4530,36.267,0.07,0.93,0.88,0.15,-0.24,11.41,99.6,-76
4531,36.351,0.03,0.96,0.93,0.10,-0.20,11.41,99.6,-76
4532,36.434,0.05,0.97,0.93,0.15,-0.24,11.41,99.6,-76
4533,36.518,0.05,0.96,0.93,0.15,-0.20,11.41,99.6,-76
4536,36.786,0.02,0.93,0.88,0.15,-0.24,11.76,99.6,-76
4537,36.886,0.08,1.01,0.98,0.10,-0.24,11.31,99.6,-76
4538,36.986,0.06,0.96,0.93,0.10,-0.20,11.31,99.6,-76
4539,37.087,0.06,0.97,0.93,0.15,-0.24,11.31,99.6,-76
4542,37.371,0.15,0.97,0.93,0.15,-0.24,11.66,99.6,-77
4543,37.455,0.10,1.02,0.98,0.15,-0.24,11.67,99.6,-77
4544,37.538,0.15,1.03,0.98,0.10,-0.29,11.24,99.6,-77
4545,37.622,0.15,0.98,0.93,0.20,-0.24,11.24,99.6,-77
4548,37.873,0.14,0.98,0.93,0.10,-0.29,11.60,99.7,-77
4549,37.956,0.07,0.96,0.93,0.15,-0.20,11.60,99.7,-77
4550,38.040,0.01,0.93,0.88,0.15,-0.24,11.60,99.7,-77
4551,38.124,0.01,0.95,0.93,0.10,-0.15,11.60,99.7,-77
4554,38.375,0.08,0.93,0.88,0.15,-0.24,11.44,99.7,-77
4555,38.459,0.02,1.01,0.98,0.15,-0.20,11.44,99.7,-77
4556,38.542,0.06,0.91,0.88,0.10,-0.20,11.44,99.7,-77
4557,38.626,0.06,1.03,0.98,0.10,-0.29,11.44,99.7,-77
4558,38.710,0.05,1.03,0.98,0.10,-0.29,11.44,99.7,-77
4560,38.877,0.07,0.92,0.88,0.15,-0.20,11.87,99.7,-77
4561,38.961,-0.01,0.88,0.83,0.15,-0.24,11.35,99.7,-77
4562,39.044,-0.02,0.92,0.88,0.10,-0.24,11.35,99.7,-77
4563,39.128,-0.02,0.97,0.93,0.15,-0.24,11.35,99.7,-77
4564,39.212,0.00,0.98,0.93,0.10,-0.29,11.35,99.7,-77
4566,39.395,0.13,0.97,0.93,0.10,-0.24,11.77,99.7,-77
4567,39.495,0.11,1.02,0.98,0.15,-0.24,11.34,99.7,-77
4568,39.596,0.16,0.96,0.93,0.10,-0.20,11.34,99.7,-77
4569,39.696,0.16,0.97,0.93,0.15,-0.24,11.34,99.7,-77
4572,39.980,0.12,0.95,0.93,0.10,-0.15,11.67,99.7,-77
4573,40.063,0.15,1.03,0.98,0.15,-0.29,11.69,99.7,-77
4574,40.147,0.06,0.96,0.93,0.15,-0.20,11.27,99.7,-77
4575,40.231,0.06,0.96,0.93,0.15,-0.20,11.27,99.7,-77
4578,40.482,0.20,0.96,0.93,0.15,-0.20,11.62,99.7,-76
4579,40.565,0.11,1.00,0.98,0.10,-0.15,11.62,99.7,-76
4580,40.649,0.08,0.92,0.88,0.10,-0.24,11.27,99.7,-76
4581,40.733,0.08,0.91,0.88,0.15,-0.15,11.27,99.7,-76
4582,40.816,0.10,0.97,0.93,0.10,-0.24,11.27,99.7,-76
4584,40.984,0.18,0.96,0.93,0.05,-0.24,11.70,99.8,-77
4585,41.067,0.17,0.97,0.93,0.15,-0.24,11.35,99.8,-77
4586,41.151,0.16,0.95,0.93,0.15,-0.15,11.35,99.8,-77
4587,41.234,0.16,0.92,0.88,0.10,-0.24,11.35,99.8,-77
4590,41.502,0.21,0.96,0.93,0.10,-0.20,11.69,99.8,-76
4591,41.602,0.17,0.96,0.93,0.10,-0.20,11.67,99.8,-76
4592,41.703,0.22,0.99,0.93,0.15,-0.29,11.23,99.8,-76
4593,41.803,0.22,0.96,0.93,0.10,-0.20,11.21,99.8,-76
4596,42.087,0.25,0.93,0.88,0.15,-0.24,11.52,99.8,-77
4597,42.171,0.17,0.92,0.88,0.05,-0.24,11.52,99.8,-77
4598,42.255,0.19,1.00,0.98,0.10,-0.20,11.19,99.8,-77
4599,42.338,0.19,0.97,0.93,0.15,-0.24,11.21,99.8,-77
4602,42.589,0.22,0.92,0.88,0.15,-0.20,11.57,99.8,-77
4603,42.673,0.15,0.98,0.93,0.10,-0.29,11.59,99.8,-77
4604,42.756,0.19,0.97,0.93,0.10,-0.24,11.60,99.8,-77
4605,42.840,0.19,0.88,0.83,0.15,-0.24,11.19,99.8,-77
4606,42.924,0.21,1.00,0.98,0.10,-0.20,11.19,99.8,-77
4608,43.091,0.18,0.91,0.88,0.10,-0.20,11.62,99.8,-77
4609,43.175,0.17,0.96,0.93,0.10,-0.20,11.62,99.8,-77
4610,43.258,0.18,1.03,0.98,0.10,-0.29,11.27,99.8,-77
4611,43.342,0.18,0.98,0.93,0.10,-0.29,11.27,99.8,-77
4614,43.610,0.21,1.01,0.98,0.10,-0.24,11.60,99.8,-77
4615,43.710,0.26,1.01,0.98,0.10,-0.24,11.59,99.8,-77
4616,43.810,0.20,0.97,0.93,0.10,-0.24,11.57,99.8,-77
4617,43.911,0.20,0.93,0.88,0.15,-0.24,11.56,99.8,-77
4620,44.195,0.04,0.92,0.88,0.15,-0.20,11.36,99.8,-77
4621,44.279,0.06,0.96,0.93,0.15,-0.20,11.36,99.8,-77
4622,44.362,0.04,0.97,0.93,0.10,-0.24,11.36,99.8,-77
4623,44.446,0.04,0.98,0.93,0.10,-0.29,11.36,99.8,-77
4626,44.697,0.10,0.97,0.93,0.15,-0.24,11.38,99.8,-76
4627,44.780,0.05,0.96,0.93,0.15,-0.20,11.40,99.8,-76
4628,44.864,0.04,1.00,0.98,0.10,-0.20,11.41,99.8,-76
4629,44.948,0.04,1.00,0.93,0.20,-0.29,11.43,99.8,-76
4632,45.199,0.20,1.00,0.98,0.10,-0.20,11.46,99.9,-76
4633,45.282,0.10,1.03,0.98,0.15,-0.29,11.46,99.9,-76
4634,45.366,0.07,0.99,0.93,0.15,-0.29,11.46,99.9,-76
4635,45.450,0.07,0.96,0.93,0.15,-0.20,11.46,99.9,-76
4636,45.533,0.01,0.96,0.93,0.10,-0.20,11.12,99.9,-76
4638,45.701,0.12,0.93,0.88,0.15,-0.24,11.54,99.9,-80
4639,45.784,0.06,1.00,0.98,0.10,-0.20,11.54,99.9,-80
4640,45.868,0.17,0.99,0.93,0.15,-0.29,11.54,99.9,-80
4641,45.952,0.17,0.97,0.93,0.15,-0.24,11.54,99.9,-80
4644,46.219,0.14,3.75,3.72,0.10,-0.39,11.44,99.9,-101
4645,46.319,2.09,3.44,3.43,0.10,-0.29,11.43,99.9,-101
4646,46.420,3.64,3.25,3.23,0.10,-0.29,11.41,99.9,-101
4647,46.520,3.64,3.11,3.09,0.10,-0.34,11.40,99.9,-101
4650,46.804,6.80,2.62,2.60,0.10,-0.29,11.38,99.9,-104
4651,46.887,10.04,2.57,2.55,0.10,-0.29,11.40,99.9,-104
4652,46.971,12.66,2.52,2.50,0.10,-0.29,11.41,99.9,-104
4653,47.054,12.66,2.58,2.55,0.10,-0.39,11.43,99.9,-104
4656,47.305,18.06,1.98,1.96,0.15,-0.20,11.46,99.9,-113
4657,47.388,22.28,2.08,2.06,0.10,-0.29,11.46,99.9,-113
4658,47.472,25.63,1.94,1.91,0.20,-0.24,11.46,99.9,-113
4659,47.556,25.63,2.04,2.01,0.15,-0.34,11.46,99.9,-113
4660,47.639,28.38,1.99,1.96,0.15,-0.29,11.46,99.9,-113
4662,47.807,32.93,1.80,1.76,0.20,-0.29,11.46,99.9,-112
4663,47.890,38.02,1.74,1.72,0.15,-0.24,11.46,99.9,-112
4664,47.974,42.02,1.78,1.76,0.10,-0.20,11.46,99.9,-112
4665,48.058,42.02,1.79,1.76,0.20,-0.24,11.46,99.9,-112
4668,48.325,50.12,0.30,-0.24,0.10,-0.15,11.78,99.9,-121
4669,48.425,52.07,0.34,-0.29,0.10,-0.15,11.35,99.9,-121
4670,48.526,53.67,0.34,-0.29,0.15,-0.10,11.33,99.9,-121
4671,48.626,53.67,0.46,-0.39,0.15,-0.20,11.32,99.9,-121
4674,48.910,57.24,0.24,-0.20,0.10,-0.10,11.62,99.9,-114
4675,48.994,60.08,0.25,-0.15,0.15,-0.15,11.30,99.9,-114
4676,49.078,62.38,0.25,-0.15,0.15,-0.15,11.32,99.9,-114
4677,49.161,62.38,0.23,-0.15,0.15,-0.10,11.33,99.9,-114
4680,49.412,66.96,0.25,-0.05,0.15,-0.20,11.68,99.9,-112
4681,49.496,69.56,0.25,-0.15,0.15,-0.15,11.38,99.9,-112
4682,49.579,71.57,0.21,-0.05,0.15,-0.15,11.38,99.9,-112
4683,49.663,71.57,0.20,-0.10,0.15,-0.10,11.38,99.9,-112
4684,49.747,73.16,0.25,-0.05,0.15,-0.20,11.38,99.9,-112
4686,49.914,75.72,0.28,-0.05,0.20,-0.20,11.46,99.9,-113
4687,49.997,77.67,0.29,-0.05,0.15,-0.24,11.46,99.9,-113
4688,50.081,79.10,0.24,0.00,0.15,-0.20,11.46,99.9,-113
4689,50.164,79.10,0.18,-0.05,0.15,-0.10,11.46,99.9,-113
4692,50.431,82.02,0.29,-0.05,0.15,-0.24,11.45,99.9,-112
4693,50.532,83.34,0.28,-0.05,0.20,-0.20,11.43,99.9,-112
4694,50.632,84.27,0.26,0.00,0.10,-0.24,11.41,99.9,-112
4695,50.732,84.27,0.26,0.00,0.10,-0.24,11.40,99.9,-112
4698,51.017,86.37,0.28,0.00,0.20,-0.20,11.70,99.9,-112
4699,51.100,86.87,0.29,0.00,0.24,-0.15,11.29,99.9,-112
4700,51.184,87.29,0.21,0.00,0.15,-0.15,11.29,99.9,-112
4701,51.268,87.29,0.18,-0.05,0.15,-0.10,11.29,99.9,-112
4702,51.351,87.55,0.18,0.00,0.15,-0.10,11.29,99.9,-112
4703,51.435,87.77,0.18,0.00,0.15,-0.10,11.29,99.9,-112
4704,51.519,87.96,0.29,-0.10,0.20,-0.20,10.89,99.9,-111
4705,51.602,87.72,0.25,-0.05,0.20,-0.15,10.90,99.9,-111
4706,51.686,87.55,0.35,-0.15,0.24,-0.20,10.92,99.9,-111
4707,51.770,87.55,0.21,-0.15,0.15,-0.05,11.43,94.4,-111
4708,51.853,87.32,0.42,-0.34,0.24,-0.05,11.12,94.4,-111
4709,51.937,87.12,0.51,-0.44,0.24,-0.10,11.12,94.4,-111
4716,52.120,84.81,1.22,-0.93,0.00,-0.78,11.02,94.4,-101
4717,52.304,84.01,0.99,-0.54,0.05,-0.83,11.43,94.7,-101
4718,52.487,83.41,0.66,-0.29,0.00,-0.59,10.99,94.7,-101
4719,52.671,83.41,0.60,-0.10,0.00,-0.59,10.90,94.7,-101
4720,52.854,82.92,1.41,-0.59,-0.39,-1.22,10.81,94.7,-101
4722,53.122,82.26,0.83,-0.83,0.00,0.05,11.14,95.1,-97
4723,53.205,81.71,0.22,-0.10,0.00,-0.20,11.14,95.1,-97
4724,53.289,81.30,0.21,-0.15,0.00,-0.15,10.73,95.1,-97
4725,53.373,81.30,0.68,-0.59,-0.34,0.05,10.73,95.1,-97
4728,53.624,80.37,0.91,-0.74,0.54,0.00,11.06,95.3,-100
4729,53.707,79.77,0.70,-0.54,0.44,0.00,11.06,95.3,-100
4730,53.791,79.36,0.69,-0.49,0.44,-0.20,10.74,95.3,-100
4731,53.875,79.36,0.76,-0.54,0.44,-0.29,10.76,95.3,-100
4734,54.126,78.60,1.02,-0.98,0.05,-0.29,11.11,95.6,-104
4735,54.209,78.09,1.12,-1.08,0.00,-0.29,11.12,95.6,-104
4736,54.293,77.67,1.31,-1.27,-0.10,-0.29,10.81,95.6,-104
4737,54.376,77.67,1.02,-0.98,0.00,-0.29,10.81,95.6,-104
4738,54.460,77.23,1.20,-1.18,-0.05,-0.24,10.81,95.6,-104
4740,54.627,76.60,1.09,-1.03,0.34,-0.10,11.23,95.9,-108
4741,54.711,76.14,1.51,-1.47,0.29,-0.15,10.89,95.9,-108
4742,54.795,75.79,1.44,-1.42,0.24,-0.05,10.89,95.9,-108
4743,54.878,75.79,1.18,-1.13,0.34,-0.05,10.89,95.9,-108
4746,55.146,75.10,1.29,-1.27,0.20,0.00,11.21,96.1,-109
4747,55.246,74.55,1.19,-1.18,0.20,0.00,11.20,96.1,-109
4748,55.347,74.12,1.31,-1.27,0.29,-0.05,10.77,96.1,-109
4749,55.447,74.12,1.37,-1.32,0.34,-0.10,10.76,96.1,-109
4752,55.731,73.21,1.13,-1.13,0.05,-0.10,11.06,96.3,-98
4753,55.815,72.71,1.09,-1.08,0.05,-0.15,11.06,96.3,-98
4754,55.898,72.32,1.18,-1.18,0.00,-0.10,10.74,96.3,-98
4755,55.982,72.32,1.23,-1.22,0.00,-0.05,10.76,96.3,-98
4758,56.233,71.42,1.10,-1.08,0.00,-0.20,11.11,96.6,-103
4759,56.317,70.89,1.14,-1.13,0.05,-0.20,11.12,96.6,-103
4760,56.400,70.46,0.99,-0.98,0.05,-0.15,10.81,96.6,-103
4761,56.484,70.46,1.07,-1.03,0.10,-0.29,10.81,96.6,-103
4762,56.568,70.07,1.05,-1.03,0.10,-0.20,10.81,96.6,-103
4764,56.735,69.64,1.25,-1.22,0.05,-0.24,11.23,96.8,-92
4765,56.819,69.04,1.30,-1.27,0.10,-0.24,10.89,96.8,-92
4766,56.902,68.49,1.20,-1.18,0.10,-0.24,10.89,96.8,-92
4767,56.986,68.49,1.15,-1.13,0.15,-0.20,10.89,96.8,-92
4768,57.070,68.10,1.22,-1.18,0.15,-0.29,10.89,96.8,-92
4769,57.153,67.69,1.19,-1.13,0.15,-0.34,10.54,96.8,-92
4770,57.254,67.53,1.26,-1.18,0.24,-0.39,10.53,96.8,-104
4771,57.354,66.96,1.25,-1.18,0.24,-0.34,10.51,96.8,-104
4772,57.454,66.50,1.19,-1.13,0.20,-0.34,11.00,91.6,-104
4773,57.554,66.50,1.27,-1.22,0.20,-0.29,10.98,91.6,-104
4774,57.655,66.17,1.35,-1.27,0.20,-0.39,10.54,91.6,-104
4775,57.755,65.82,1.19,-1.13,0.15,-0.34,10.53,91.6,-104
4782,57.922,63.45,1.45,-1.37,0.24,-0.39,10.95,92.1,-97
4783,58.089,62.82,1.36,-1.32,0.20,-0.24,10.88,92.1,-97
4784,58.256,62.29,1.40,-1.37,0.20,-0.20,10.47,92.1,-97
4785,58.423,62.29,1.46,-1.42,0.24,-0.20,10.41,92.1,-97
4786,58.589,61.85,1.57,-1.52,0.29,-0.24,10.35,92.1,-97
4788,58.840,61.25,1.07,-1.03,0.05,-0.29,10.71,92.6,-95
4789,58.924,60.71,1.12,-1.08,0.10,-0.29,10.40,92.6,-95
4790,59.007,60.34,1.04,-1.03,0.05,-0.15,10.40,92.6,-95
4791,59.091,60.34,1.23,-1.22,0.00,-0.05,10.40,92.6,-95
4794,59.359,59.44,1.15,-1.13,0.05,-0.24,10.73,93.0,-112
4795,59.459,58.87,1.14,-1.13,0.10,-0.15,10.37,93.0,-112
4796,59.559,58.44,1.01,-0.98,0.20,-0.15,10.35,93.0,-112
4797,59.659,58.44,1.00,-0.98,0.20,-0.10,10.34,93.0,-112
4800,59.944,57.61,1.13,-1.08,0.29,0.15,10.66,93.4,-96
4801,60.027,56.90,1.38,-1.37,-0.15,0.05,10.66,93.4,-96
4802,60.111,56.39,1.28,-1.18,0.49,0.15,10.24,93.4,-96
4803,60.194,56.39,1.29,-1.22,0.39,0.10,10.24,93.4,-96
4804,60.278,55.83,1.56,-1.52,0.34,-0.05,10.24,93.4,-96
4806,60.445,55.32,1.23,-1.13,0.44,-0.24,10.66,93.8,-95
4807,60.529,54.78,1.16,-1.03,0.44,-0.29,10.32,93.8,-95
4808,60.613,54.34,1.04,-0.88,0.49,-0.24,10.34,93.8,-95
4809,60.696,54.34,1.14,-1.03,0.44,-0.20,10.35,93.8,-95
4810,60.780,53.97,1.06,-0.93,0.49,-0.10,10.37,93.8,-95
4812,60.947,53.51,1.18,-1.18,0.10,0.00,10.47,94.2,-100
4813,61.031,52.83,1.27,-1.27,0.05,0.00,10.47,94.2,-100
4814,61.115,52.34,1.04,-1.03,0.10,-0.15,10.47,94.2,-100
4815,61.198,52.34,1.19,-1.18,0.05,-0.20,10.47,94.2,-100
4816,61.282,51.92,1.28,-1.27,0.05,-0.15,10.11,94.2,-100
4817,61.366,51.62,1.26,-1.22,0.15,-0.24,10.11,94.2,-100
4818,61.449,51.39,1.34,-1.27,0.24,-0.34,10.11,94.2,-96
4819,61.533,50.69,1.39,-1.32,0.24,-0.34,10.11,94.2,-96
4820,61.616,50.21,1.32,-1.27,0.29,-0.20,10.11,94.2,-96
4821,61.700,50.21,1.20,-1.13,0.34,-0.24,9.67,94.2,-96
4822,61.784,49.78,1.20,-1.08,0.34,-0.39,9.67,94.2,-96
4823,61.867,49.47,1.20,-1.08,0.34,-0.39,10.18,89.3,-96
4830,62.051,47.15,1.05,-1.03,0.20,-0.05,10.10,89.3,-100
4831,62.234,46.51,0.93,-0.93,0.05,0.00,9.66,89.3,-100
4832,62.417,45.88,0.88,-0.88,0.05,0.05,9.59,89.3,-100
4833,62.601,45.88,0.88,-0.88,0.05,0.05,9.52,89.3,-100
4834,62.784,45.44,0.88,-0.88,0.05,0.00,9.96,89.9,-100
4835,62.967,45.17,0.88,-0.88,0.05,-0.05,9.54,89.9,-100
4836,63.051,44.96,1.06,-0.93,0.10,-0.49,9.54,89.9,-90
4837,63.135,44.31,1.10,-1.03,0.05,-0.39,9.54,89.9,-90
4838,63.218,43.87,1.05,-0.93,0.05,-0.49,9.54,89.9,-90
4839,63.302,43.87,1.01,-0.88,0.05,-0.49,10.04,90.5,-90
4840,63.386,43.49,1.03,-0.93,0.05,-0.44,10.04,90.5,-90
4841,63.469,43.21,0.99,-0.88,0.05,-0.44,10.04,90.5,-90
4842,63.553,43.02,1.35,-1.22,0.44,-0.34,10.04,90.5,-91
4843,63.637,42.28,1.32,-1.22,0.44,-0.24,10.04,90.5,-91
4844,63.720,41.74,1.34,-1.27,0.39,-0.15,9.54,90.5,-91
4845,63.804,41.74,1.33,-1.27,0.34,-0.15,10.04,91.1,-91
4846,63.887,41.23,1.21,-1.18,0.29,-0.05,10.04,91.1,-91
4847,63.971,40.90,1.23,-1.18,0.34,-0.15,10.13,91.1,-91
4848,64.071,40.66,1.09,-1.08,0.15,0.00,9.69,91.1,-99
4849,64.172,39.96,1.03,-1.03,0.10,0.05,9.76,91.1,-99
4850,64.272,39.37,0.93,-0.93,0.05,0.05,10.34,91.6,-99
4851,64.372,39.37,1.18,-1.18,0.05,0.05,10.42,91.6,-99
4852,64.473,38.91,1.03,-1.03,0.00,-0.05,10.04,91.6,-99
4853,64.573,38.63,1.18,-1.18,0.00,0.00,10.03,91.6,-99
4854,64.656,38.35,0.87,-0.78,0.24,-0.29,10.03,91.6,-96
4855,64.740,37.80,0.95,-0.88,0.24,-0.24,10.56,92.1,-96
4856,64.824,37.35,0.95,-0.83,0.29,-0.34,10.18,92.1,-96
4857,64.907,37.35,0.97,-0.83,0.24,-0.44,10.18,92.1,-96
4858,64.991,36.97,0.93,-0.74,0.29,-0.49,10.18,92.1,-96
4859,65.075,36.62,1.03,-0.88,0.20,-0.49,10.18,92.1,-96
4860,65.158,36.38,0.93,-0.83,0.39,-0.15,10.33,92.6,-97
4861,65.242,35.71,0.97,-0.88,0.39,-0.10,10.33,92.6,-97
4862,65.326,35.16,1.26,-0.98,0.29,-0.74,10.33,92.6,-97
4863,65.409,35.16,1.03,-0.93,0.44,-0.05,10.33,92.6,-97
4864,65.493,34.74,1.11,-1.03,0.39,0.10,10.33,92.6,-97
4865,65.576,34.37,0.87,-0.78,0.34,0.15,9.86,92.6,-97
4866,65.660,34.17,0.94,-0.93,-0.10,-0.10,10.41,93.0,-105
4867,65.744,33.51,1.14,-1.13,0.00,-0.15,10.41,93.0,-105
4868,65.827,33.06,1.18,-1.18,0.00,0.00,10.41,93.0,-105
4869,65.911,33.06,1.18,-1.18,0.10,0.00,10.03,93.0,-105
4870,65.995,32.58,1.08,-1.08,0.10,0.00,10.05,93.0,-105
4872,66.179,31.99,1.15,-0.93,0.54,-0.39,10.52,93.4,-101
4873,66.279,31.31,1.12,-0.93,0.54,-0.29,10.52,93.4,-101
4874,66.379,30.79,1.21,-1.03,0.54,-0.34,10.14,93.4,-101
4875,66.480,30.79,1.17,-1.03,0.49,-0.24,10.13,93.4,-101
4876,66.580,30.28,1.25,-1.18,0.39,-0.20,10.11,93.4,-101
4878,66.764,29.62,1.28,-1.27,0.10,0.00,10.57,93.8,-96
4879,66.847,28.93,1.23,-1.22,0.10,-0.05,10.18,93.8,-96
4880,66.930,28.40,1.13,-1.13,0.10,0.00,10.18,93.8,-96
4881,67.014,28.40,1.08,-1.08,0.10,0.00,10.18,93.8,-96
4882,67.097,27.99,0.99,-0.98,0.15,0.00,10.18,93.8,-96
4884,67.264,27.56,1.03,-1.03,0.05,0.00,10.66,94.2,-98
4885,67.348,26.92,1.08,-1.08,0.05,0.00,10.18,94.2,-98
4886,67.432,26.41,0.98,-0.98,-0.05,0.00,10.18,94.2,-98
4887,67.515,26.41,1.03,-1.03,0.00,0.00,10.18,94.2,-98
4888,67.599,25.99,1.03,-1.03,0.00,-0.10,10.18,94.2,-98
4890,67.766,25.53,1.42,-1.37,0.34,-0.10,10.66,94.5,-99
4891,67.850,24.77,1.40,-1.37,0.29,-0.05,10.66,94.5,-99
4892,67.934,24.25,1.46,-1.42,0.34,-0.05,10.67,94.5,-99
4893,68.017,24.25,1.27,-1.22,0.34,0.00,10.69,94.5,-99
4894,68.101,23.78,1.12,-1.08,0.29,0.00,10.14,94.5,-99
4895,68.184,23.54,1.00,-0.98,0.20,0.05,10.16,94.5,-99
4896,68.268,23.30,0.93,-0.93,0.00,0.00,10.18,94.5,-92
4897,68.352,22.69,0.93,-0.93,0.00,-0.05,10.76,94.8,-92
4898,68.435,22.69,1.04,-1.03,-0.05,-0.15,10.27,94.8,-92
4899,68.519,22.21,1.06,-0.98,-0.05,-0.39,10.35,94.8,-92
4900,68.603,21.83,1.08,-0.98,-0.10,-0.44,10.44,94.8,-92
4901,68.686,21.58,1.15,-1.08,0.00,-0.39,10.52,94.8,-92
4902,68.787,21.38,1.01,-0.78,0.24,-0.59,11.18,95.1,-90
4903,68.887,20.88,1.05,-0.78,0.29,-0.64,10.75,95.1,-90
4904,68.987,20.38,1.20,-1.03,0.29,-0.54,10.73,95.1,-90
4905,69.087,20.38,1.38,-1.27,0.29,-0.44,10.71,95.1,-90
4906,69.187,19.94,1.31,-1.22,0.24,-0.39,10.70,95.1,-90
4908,69.371,19.42,0.88,-0.88,0.00,0.00,10.79,95.4,-107
4909,69.454,18.82,1.03,-1.03,0.00,0.05,10.80,95.4,-107
4910,69.538,18.82,0.94,-0.93,0.00,-0.10,10.82,95.4,-107
4911,69.622,18.35,0.75,-0.74,-0.05,-0.15,10.84,95.4,-107
4912,69.705,18.00,1.03,-1.03,0.00,-0.05,10.45,95.4,-107
4914,69.872,17.37,1.01,-0.98,0.05,-0.24,10.97,95.7,-86
4915,69.956,16.90,1.02,-0.98,0.00,-0.29,10.97,95.7,-86
4916,70.040,16.42,1.02,-0.98,0.00,-0.29,10.97,95.7,-86
4917,70.123,16.42,0.98,-0.93,0.05,-0.29,10.97,95.7,-86
4918,70.207,16.05,0.91,-0.83,0.10,-0.34,10.45,95.7,-86
4919,70.291,15.74,1.01,-0.93,0.20,-0.34,10.45,95.7,-86
4920,70.374,15.51,1.16,-1.13,0.29,0.00,11.06,95.9,-88
4921,70.458,14.76,1.20,-1.18,0.24,-0.05,11.06,95.9,-88
4922,70.542,14.28,1.31,-1.27,0.29,0.05,11.06,95.9,-88
4923,70.625,14.28,1.19,-1.18,0.15,0.05,10.54,95.9,-88
4924,70.709,13.87,1.29,-1.27,0.15,0.10,10.54,95.9,-88
4926,70.893,13.34,1.11,-1.08,0.00,-0.24,11.04,96.2,-98
4927,70.993,12.76,1.18,-1.13,0.10,-0.34,11.03,96.2,-98
4928,71.093,12.24,1.14,-1.03,0.20,-0.44,11.01,96.2,-98
4929,71.194,12.24,1.07,-0.98,0.24,-0.34,10.99,96.2,-98
4930,71.294,11.89,1.16,-1.08,0.15,-0.39,10.97,96.2,-98
4932,71.478,11.31,0.95,-0.88,0.34,0.05,11.46,96.4,-96
4933,71.561,10.69,1.02,-0.98,0.29,0.05,11.46,96.4,-96
4934,71.645,10.19,1.01,-0.93,0.39,0.05,11.46,96.4,-96
4935,71.729,10.19,1.06,-0.98,0.39,0.10,11.46,96.4,-96
4936,71.812,9.76,1.04,-0.98,0.34,0.05,10.86,96.4,-96
4938,71.980,9.17,1.18,-1.18,0.05,0.10,11.48,96.6,-93
4939,72.063,8.61,1.18,-1.18,0.05,0.05,11.60,96.6,-93
4940,72.147,8.08,1.22,-1.22,0.00,0.00,11.72,96.6,-93
4941,72.231,8.08,1.18,-1.18,0.00,-0.05,11.84,96.6,-93
4942,72.314,7.60,1.18,-1.18,0.05,-0.10,11.33,96.6,-93
4943,72.398,7.36,1.18,-1.18,0.10,-0.05,11.45,96.6,-93
4944,72.482,7.15,1.46,-1.37,0.49,-0.10,12.09,96.8,-99
4945,72.565,6.49,1.42,-1.32,0.49,-0.15,12.09,96.8,-99
4946,72.649,6.05,1.53,-1.47,0.29,-0.29,12.09,96.8,-99
4947,72.733,6.05,1.62,-1.57,0.20,-0.34,11.45,96.8,-99
4948,72.816,5.66,1.31,-1.27,0.10,-0.29,11.45,96.8,-99
4949,72.900,5.38,1.05,-1.03,0.10,-0.20,11.45,96.8,-99
4950,73.000,5.15,1.35,-1.32,0.00,-0.29,11.43,96.8,-104
4951,73.100,4.71,1.31,-1.27,0.00,-0.29,11.41,96.8,-104
4952,73.201,4.27,1.19,-1.13,0.05,-0.39,11.39,96.8,-104
4953,73.301,4.27,1.07,-1.03,0.10,-0.29,10.74,96.8,-104
4954,73.401,3.86,0.94,-0.83,0.20,-0.39,10.72,96.8,-104
4955,73.501,3.51,0.83,-0.74,0.24,-0.29,10.70,96.8,-104
4968,74.004,-0.06,0.63,0.00,-0.39,0.49,10.87,86.6,-118
4969,74.204,-0.18,0.70,0.00,-0.44,0.54,10.77,86.6,-118
4970,74.404,-0.23,0.59,0.00,-0.39,0.44,10.07,86.6,-118
4971,74.604,-0.23,0.63,-0.05,-0.39,0.49,9.97,86.6,-118
4972,74.804,-0.30,0.57,0.00,-0.29,0.49,9.87,86.6,-118
4973,75.004,-0.33,0.57,0.00,-0.29,0.49,9.78,86.6,-118
4974,75.104,-0.27,0.59,0.00,-0.39,0.44,10.34,87.4,-114
4975,75.204,-0.33,0.75,-0.10,-0.39,0.64,9.75,87.4,-114
4976,75.304,-0.37,0.60,0.00,-0.34,0.49,9.73,87.4,-114
4977,75.404,-0.37,0.64,0.00,-0.34,0.54,9.72,87.4,-114
4978,75.504,-0.48,0.60,0.00,-0.34,0.49,9.70,87.4,-114
4979,75.604,-0.53,0.56,0.05,-0.34,0.44,10.26,88.2,-114
4980,75.687,-0.52,0.63,0.00,-0.39,0.49,9.69,88.2,-124
4981,75.771,-0.54,0.66,0.00,-0.44,0.49,9.69,88.2,-124
4982,75.854,-0.45,0.63,0.00,-0.39,0.49,9.69,88.2,-124
4983,75.938,-0.45,0.74,0.00,-0.44,0.59,9.69,88.2,-124
4984,76.022,-0.46,0.63,0.00,-0.39,0.49,9.69,88.2,-124
4985,76.105,-0.45,0.63,0.00,-0.39,0.49,9.69,88.2,-124
4992,76.273,-0.53,0.70,0.00,-0.44,0.54,9.61,84.0,-113
4993,76.440,-0.43,0.60,0.00,-0.34,0.49,9.54,84.0,-113
4994,76.607,-0.45,0.60,0.00,-0.34,0.49,9.46,84.0,-113
4995,76.774,-0.45,0.70,0.00,-0.44,0.54,9.39,84.0,-113
4996,76.941,-0.49,0.71,0.00,-0.39,0.59,9.32,84.0,-113
4997,77.108,-0.54,0.56,0.00,-0.34,0.44,8.78,84.0,-113
4998,77.191,-0.49,0.61,0.00,-0.29,0.54,9.35,84.9,-106
4999,77.275,-0.56,0.59,0.00,-0.39,0.44,9.36,84.9,-106
5000,77.358,-0.59,0.63,0.00,-0.39,0.49,9.38,84.9,-106
5001,77.442,-0.59,0.60,0.00,-0.34,0.49,9.39,84.9,-106
5002,77.525,-0.61,0.64,-0.05,-0.34,0.54,8.92,84.9,-106
5003,77.608,-0.57,0.66,0.00,-0.44,0.49,8.92,84.9,-106
5004,77.709,-0.46,1.15,-0.98,-0.49,0.34,9.46,85.8,-107
5005,77.809,-0.42,1.44,-0.83,-0.98,0.64,9.45,85.8,-107
5006,77.909,-0.37,0.44,-0.44,-0.05,0.00,9.43,85.8,-107
5007,78.009,-0.37,1.34,-0.93,-0.88,0.39,8.93,85.8,-107
5008,78.110,-0.42,1.16,-0.98,-0.59,0.20,8.92,85.8,-107
5009,78.210,-0.36,1.29,-0.93,-0.88,0.10,9.46,86.6,-107
5010,78.293,-0.26,0.79,-0.78,0.05,-0.10,9.46,86.6,-99
5011,78.377,-0.34,0.91,-0.88,0.10,-0.20,9.46,86.6,-99
5012,78.461,-0.32,0.97,-0.93,0.20,-0.20,8.98,86.6,-99
5013,78.544,-0.32,0.93,-0.83,0.34,-0.24,8.98,86.6,-99
5014,78.628,-0.30,0.91,-0.83,0.34,-0.10,9.54,87.4,-99
5015,78.712,-0.29,0.77,-0.59,0.39,-0.29,9.54,87.4,-99
5016,78.795,-0.28,1.04,-0.98,0.24,-0.24,9.54,87.4,-98
5017,78.879,-0.21,1.04,-0.98,0.29,-0.20,9.54,87.4,-98
5018,78.963,-0.09,1.25,-1.18,0.34,-0.24,9.54,87.4,-98
5019,79.046,-0.09,1.19,-1.13,0.34,-0.20,9.54,88.2,-98
5020,79.130,-0.02,1.31,-1.27,0.24,-0.20,9.54,88.2,-98
5021,79.214,-0.04,1.23,-1.22,0.15,-0.05,9.54,88.2,-98
5022,79.297,0.13,1.04,-1.03,0.10,-0.10,9.54,88.2,-98
5023,79.381,0.08,0.99,-0.98,0.05,-0.10,9.54,88.2,-98
5024,79.464,0.12,1.09,-1.08,0.10,-0.15,8.99,88.2,-98
5025,79.548,0.12,1.10,-1.08,0.10,-0.20,9.57,88.8,-98
5026,79.632,0.10,1.00,-0.98,0.10,-0.15,9.58,88.8,-98
5027,79.715,0.11,1.17,-1.13,0.20,-0.24,9.60,88.8,-98
5028,79.816,0.12,1.20,-1.18,0.24,-0.10,9.60,88.8,-103
5029,79.916,0.17,1.07,-1.03,0.24,-0.15,9.10,88.8,-103
5030,80.016,0.25,1.20,-1.18,0.20,-0.10,9.66,89.5,-103
5031,80.116,0.25,0.80,-0.78,0.10,-0.10,9.64,89.5,-103
5032,80.217,0.28,0.92,-0.88,0.15,-0.20,9.63,89.5,-103
5033,80.317,0.42,1.38,-1.37,0.05,-0.10,9.61,89.5,-103
5034,80.401,0.42,1.04,-1.03,0.15,-0.10,9.12,89.5,-104
5035,80.484,0.33,1.19,-1.18,0.15,-0.10,9.69,90.1,-104
5036,80.568,0.34,1.04,-1.03,0.15,-0.05,9.69,90.1,-104
5037,80.652,0.34,1.05,-1.03,0.20,-0.10,9.69,90.1,-104
5038,80.735,0.31,1.02,-0.98,0.20,-0.20,9.69,90.1,-104
5039,80.819,0.31,0.92,-0.88,0.20,-0.15,9.69,90.1,-104
5040,80.902,0.41,1.29,-1.27,0.10,-0.15,9.69,90.7,-102
5041,80.986,0.45,1.23,-1.22,0.10,-0.10,9.69,90.7,-102
5042,81.070,0.39,1.23,-1.22,0.15,-0.05,9.69,90.7,-102
5043,81.153,0.39,1.20,-1.18,0.20,-0.10,9.69,90.7,-102
5044,81.237,0.37,1.26,-1.22,0.24,-0.15,9.69,90.7,-102
5045,81.321,0.41,1.16,-1.13,0.20,-0.20,9.21,90.7,-102
5046,81.404,0.40,1.39,-1.37,0.05,-0.20,9.80,91.2,-106
5047,81.488,0.40,1.24,-1.22,0.10,-0.20,9.81,91.2,-106
5048,81.572,0.44,1.10,-1.08,0.20,-0.10,9.83,91.2,-106
5049,81.655,0.44,1.10,-1.08,0.20,-0.05,9.84,91.2,-106
5050,81.739,0.32,1.11,-1.08,0.24,-0.10,9.36,91.2,-106
5052,81.923,0.42,1.19,-1.18,0.15,-0.05,9.84,91.8,-101
5053,82.023,0.51,1.19,-1.18,0.15,-0.05,9.83,91.8,-101
5054,82.123,0.57,1.34,-1.32,0.20,-0.05,9.81,91.8,-101
5055,82.223,0.57,1.33,-1.32,0.10,-0.05,9.80,91.8,-101
5056,82.324,0.61,1.29,-1.27,0.15,-0.10,9.28,91.8,-101
5058,82.508,0.72,1.44,-1.42,0.20,-0.10,9.77,92.2,-102
5059,82.591,0.58,1.49,-1.47,0.15,-0.15,9.77,92.2,-102
5060,82.675,0.45,1.58,-1.57,0.10,-0.15,9.77,92.2,-102
5061,82.759,0.45,1.35,-1.32,0.15,-0.24,9.77,92.2,-102
5062,82.842,0.43,1.24,-1.22,0.10,-0.20,9.77,92.2,-102
5064,83.009,0.53,1.29,-1.27,0.20,-0.10,9.69,92.7,-97
5065,83.093,0.47,1.26,-1.22,0.24,-0.15,9.69,92.7,-97
5066,83.177,0.40,1.31,-1.27,0.15,-0.24,9.69,92.7,-97
5067,83.260,0.40,1.34,-1.27,0.15,-0.39,9.69,92.7,-97
5068,83.344,0.33,1.06,-1.03,0.15,-0.20,9.69,92.7,-97
5069,83.428,0.36,1.15,-1.13,0.15,-0.20,9.69,92.7,-97
5070,83.511,0.45,1.77,-1.76,0.05,-0.15,10.27,93.1,-95
5071,83.595,0.43,1.72,-1.72,0.10,-0.15,10.29,93.1,-95
5072,83.678,0.35,1.09,-1.03,0.24,-0.24,10.31,93.1,-95
5073,83.762,0.35,1.13,-1.08,0.20,-0.29,10.32,93.1,-95
5074,83.846,0.35,0.88,-0.83,0.15,-0.24,10.34,93.1,-95
5076,84.030,0.40,1.06,-1.03,0.10,-0.24,10.83,93.5,-96
5077,84.130,0.46,0.82,-0.78,0.05,-0.24,10.67,93.5,-96
5078,84.230,0.48,0.90,-0.88,0.10,-0.15,10.77,93.5,-96
5079,84.330,0.48,1.52,-1.52,0.10,0.00,10.88,93.5,-96
5080,84.431,0.40,1.34,-1.32,0.20,0.05,10.99,93.5,-96
5082,84.615,0.49,0.94,-0.93,0.00,-0.15,11.62,93.9,-90
5083,84.698,0.52,0.95,-0.93,0.00,-0.20,11.76,93.9,-90
5084,84.782,0.51,0.96,-0.93,0.05,-0.24,11.16,93.9,-90
5085,84.865,0.51,1.10,-1.08,0.10,-0.20,11.18,93.9,-90
5086,84.949,0.47,1.16,-1.13,0.10,-0.24,11.20,93.9,-90
5088,85.116,0.51,0.85,-0.83,0.15,-0.10,11.74,94.3,-96
5089,85.200,0.50,0.90,-0.88,0.15,-0.10,11.76,94.3,-96
5090,85.284,0.50,0.80,-0.78,0.15,-0.05,11.16,94.3,-96
5091,85.367,0.50,0.99,-0.98,0.10,-0.10,11.16,94.3,-96
5092,85.451,0.45,0.96,-0.93,0.20,-0.10,11.16,94.3,-96
5094,85.618,0.43,0.72,-0.69,0.15,-0.15,11.68,94.6,-93
5095,85.702,0.38,0.71,-0.69,0.10,-0.15,11.68,94.6,-93
5096,85.785,0.38,0.67,-0.64,0.10,-0.20,11.68,94.6,-93
5097,85.869,0.38,0.74,-0.74,0.05,-0.10,11.68,94.6,-93
5098,85.953,0.37,1.09,-1.08,0.05,-0.15,11.16,94.6,-93
5099,86.036,0.35,1.04,-1.03,0.05,-0.15,11.25,94.6,-93
5100,86.120,0.39,0.79,-0.69,0.24,-0.29,11.98,94.9,-96
5101,86.204,0.41,0.86,-0.78,0.24,-0.24,12.09,94.9,-96
5102,86.287,0.37,1.11,-1.03,0.29,-0.29,12.20,94.9,-96
5103,86.371,0.37,1.10,-1.03,0.24,-0.29,12.31,94.9,-96
5104,86.454,0.30,0.97,-0.93,0.20,-0.20,11.66,94.9,-96
5106,86.638,0.27,0.60,-0.59,0.00,-0.10,12.17,95.2,-84
5107,86.739,0.29,0.79,-0.78,0.00,-0.10,12.15,95.2,-84
5108,86.839,0.29,1.04,-1.03,-0.05,-0.15,12.13,95.2,-84
5109,86.939,0.29,1.19,-1.18,0.00,-0.20,12.11,95.2,-84
5110,87.039,0.28,1.09,-1.08,0.00,-0.15,12.09,95.2,-84
5112,87.223,0.23,1.08,-1.03,0.29,-0.15,11.98,95.5,-89
5113,87.307,0.23,1.23,-1.18,0.29,-0.20,12.00,95.5,-89
5114,87.391,0.22,1.20,-1.18,0.20,-0.10,12.02,95.5,-89
5115,87.474,0.22,1.16,-1.13,0.24,-0.15,12.04,95.5,-89
5116,87.558,0.23,1.18,-1.18,0.10,-0.10,12.07,95.5,-89
5118,87.725,0.33,0.98,-0.93,0.05,-0.29,11.98,95.8,-81
5119,87.809,0.29,1.09,-1.03,0.05,-0.34,11.98,95.8,-81
5120,87.892,0.23,1.21,-1.18,0.05,-0.29,11.98,95.8,-81
5121,87.976,0.23,1.28,-1.27,0.05,-0.15,11.98,95.8,-81
5122,88.059,0.15,1.49,-1.47,0.10,-0.24,11.98,95.8,-81
5123,88.143,0.18,1.50,-1.47,0.15,-0.24,11.35,95.8,-81
5124,88.227,0.35,1.26,-1.18,0.39,-0.24,11.98,96.0,-81
5125,88.310,0.40,1.46,-1.42,0.24,-0.24,11.98,96.0,-81
5126,88.394,0.32,1.49,-1.47,0.10,-0.20,11.98,96.0,-81
5127,88.478,0.32,1.44,-1.42,0.05,-0.24,11.98,96.0,-81
5128,88.561,0.23,1.62,-1.62,0.00,-0.15,11.35,96.0,-81
5130,88.745,0.24,0.92,-0.83,0.29,-0.24,11.86,96.2,-82
5131,88.845,0.23,0.83,-0.74,0.24,-0.29,11.84,96.2,-82
5132,88.946,0.22,1.21,-1.13,0.29,-0.34,11.82,96.2,-82
5133,89.046,0.22,1.41,-1.37,0.24,-0.24,11.79,96.2,-82
5134,89.146,0.18,1.78,-1.76,0.15,-0.15,11.77,96.2,-82
5136,89.330,0.34,2.08,-2.06,0.20,-0.20,11.65,96.5,-82
5137,89.414,0.24,1.87,-1.86,0.15,-0.10,11.65,96.5,-82
5138,89.497,0.19,1.57,-1.57,0.10,-0.05,11.65,96.5,-82
5139,89.581,0.19,1.33,-1.32,0.10,-0.15,11.67,96.5,-82
5140,89.665,0.23,1.09,-1.08,0.15,-0.10,11.69,96.5,-82
5142,89.832,0.33,1.48,-1.47,0.05,-0.15,11.61,96.7,-76
5143,89.916,0.33,1.58,-1.57,0.10,-0.20,11.63,96.7,-76
5144,89.999,0.36,1.59,-1.57,0.15,-0.20,11.65,96.7,-76
5145,90.083,0.36,1.65,-1.62,0.24,-0.24,11.67,96.7,-76
5146,90.166,0.38,1.54,-1.52,0.20,-0.20,11.67,96.7,-76
5147,90.250,0.46,1.46,-1.42,0.24,-0.24,11.06,96.7,-76
5148,90.334,0.60,1.33,-1.32,0.00,-0.10,11.67,96.9,-75
5149,90.417,0.52,1.53,-1.52,0.05,-0.15,11.67,96.9,-75
5150,90.501,0.44,2.00,-1.96,0.20,-0.34,11.67,96.9,-75
5151,90.585,0.44,1.91,-1.86,0.24,-0.34,11.67,96.9,-75
5152,90.668,0.37,1.48,-1.42,0.24,-0.34,11.06,96.9,-75
5154,90.852,0.48,1.59,-1.57,0.20,-0.15,11.55,97.0,-75
5155,90.952,0.46,1.57,-1.57,0.10,-0.10,11.54,97.0,-75
5156,91.053,0.43,1.68,-1.67,0.10,-0.15,11.52,97.0,-75
5157,91.153,0.43,1.62,-1.62,0.05,-0.15,11.50,97.0,-75
5158,91.253,0.40,1.72,-1.72,0.05,-0.15,11.48,97.0,-75
5160,91.437,0.47,1.23,-1.18,0.15,-0.34,11.36,97.2,-75
5161,91.521,0.49,1.20,-1.18,0.10,-0.20,11.36,97.2,-75
5162,91.604,0.41,1.87,-1.86,0.05,-0.10,11.36,97.2,-75
5163,91.688,0.41,2.25,-2.25,0.05,-0.05,11.36,97.2,-75
5164,91.772,0.33,2.01,-2.01,0.15,-0.05,11.36,97.2,-75
5166,91.939,0.44,1.00,-0.98,0.20,-0.05,11.38,97.4,-76
5167,92.022,0.46,1.10,-1.08,0.20,-0.05,11.40,97.4,-76
5168,92.106,0.43,1.18,-1.18,0.10,0.00,11.42,97.4,-76
5169,92.190,0.43,1.23,-1.22,0.10,-0.05,11.44,97.4,-76
5170,92.273,0.40,1.18,-1.18,0.10,-0.05,11.46,97.4,-76
5171,92.357,0.38,1.08,-1.08,0.10,-0.05,10.97,97.4,-76
5172,92.440,0.45,0.40,-0.29,0.20,-0.20,11.57,97.5,-71
5173,92.524,0.36,0.80,-0.64,0.44,-0.20,11.57,97.5,-71
5174,92.608,0.41,0.35,-0.24,0.24,0.00,11.57,97.5,-71
5175,92.691,0.41,1.03,-0.93,0.34,-0.29,11.57,97.5,-71
5176,92.775,0.40,1.13,-1.03,0.24,-0.39,11.06,97.5,-71
5178,92.959,0.50,1.11,-0.64,0.88,0.20,11.56,97.7,-73
5179,93.059,0.49,1.16,-0.93,0.69,0.00,11.54,97.7,-73
5180,93.159,0.48,1.07,-1.03,0.29,0.05,11.52,97.7,-73
5181,93.260,0.48,1.06,-1.03,0.24,0.10,11.50,97.7,-73
5182,93.360,0.40,0.98,-0.98,0.10,0.00,11.48,97.7,-73
5184,93.544,0.50,1.23,-1.18,0.20,-0.29,11.36,97.8,-71
5185,93.627,0.45,1.07,-1.03,0.15,-0.24,11.36,97.8,-71
5186,93.711,0.43,0.88,-0.83,0.24,-0.15,11.36,97.8,-71
5187,93.795,0.43,0.92,-0.83,0.20,-0.34,11.36,97.8,-71
5188,93.878,0.35,0.95,-0.93,0.15,-0.15,11.36,97.8,-71
5190,94.046,0.49,1.08,-1.03,0.29,-0.15,11.38,97.9,-75
5191,94.129,0.44,1.13,-1.08,0.29,-0.20,11.40,97.9,-75
5192,94.213,0.47,1.09,-1.03,0.29,-0.20,11.42,97.9,-75
5193,94.296,0.47,1.04,-0.98,0.24,-0.24,11.44,97.9,-75
5194,94.380,0.42,1.03,-0.98,0.24,-0.20,11.46,97.9,-75
5196,94.547,0.48,1.11,-1.08,0.15,-0.24,11.48,98.1,-72
5197,94.631,0.46,1.04,-0.98,0.20,-0.29,11.48,98.1,-72
5198,94.714,0.53,0.97,-0.93,0.20,-0.20,11.48,98.1,-72
5199,94.798,0.53,0.96,-0.93,0.15,-0.20,11.48,98.1,-72
5200,94.881,0.44,0.87,-0.83,0.15,-0.20,11.48,98.1,-72
5201,94.964,0.48,0.88,-0.83,0.15,-0.24,10.97,98.1,-72
5202,95.048,0.60,1.08,-1.08,0.10,0.00,10.97,98.1,-77
5203,95.132,0.53,1.00,-0.98,0.20,0.00,11.58,98.2,-77
5204,95.215,0.52,1.10,-1.08,0.20,-0.10,11.58,98.2,-77
5205,95.299,0.52,1.09,-1.03,0.20,-0.29,11.58,98.2,-77
5206,95.383,0.45,1.02,-0.88,0.24,-0.44,11.06,98.2,-77
5207,95.466,0.38,0.97,-0.93,0.15,-0.24,11.06,98.2,-77
5208,95.566,0.33,0.91,-0.88,0.15,-0.15,11.66,98.3,-75
5209,95.667,0.29,0.85,-0.83,0.10,-0.15,11.64,98.3,-75
5210,95.767,0.23,1.00,-0.98,0.05,-0.20,11.62,98.3,-75
5211,95.867,0.23,1.01,-0.98,0.15,-0.20,11.60,98.3,-75
5212,95.968,0.22,1.22,-1.18,0.10,-0.29,10.97,98.3,-75
5214,96.151,0.35,0.99,-0.98,0.05,-0.15,11.46,98.4,-76
5215,96.235,0.22,1.00,-0.98,0.00,-0.20,11.46,98.4,-76
5216,96.318,0.26,1.00,-0.98,0.05,-0.20,11.46,98.4,-76
5217,96.402,0.26,1.11,-1.08,0.15,-0.20,11.46,98.4,-76
5218,96.485,0.23,1.01,-0.98,0.20,-0.15,10.97,98.4,-76
5220,96.652,0.33,1.07,-1.03,0.24,-0.15,11.50,98.5,-74
5221,96.736,0.30,1.17,-1.13,0.29,-0.10,11.52,98.5,-74
5222,96.819,0.27,1.05,-1.03,0.20,-0.10,11.54,98.5,-74
5223,96.903,0.27,1.03,-1.03,0.10,0.00,11.56,98.5,-74
5224,96.986,0.24,1.03,-1.03,0.10,0.00,11.06,98.5,-74
5225,97.070,0.26,1.08,-1.08,0.10,-0.05,11.06,98.5,-74
5226,97.154,0.36,1.14,-1.13,0.15,-0.10,11.68,98.6,-73
5227,97.237,0.33,1.13,-1.13,0.10,0.00,11.68,98.6,-73
5228,97.321,0.38,1.04,-1.03,0.10,-0.10,11.68,98.6,-73
5229,97.405,0.38,0.99,-0.98,0.10,-0.10,11.16,98.6,-73
5230,97.488,0.25,1.00,-0.98,0.15,-0.10,11.16,98.6,-73
5232,97.672,0.24,0.81,-0.78,0.05,-0.20,11.66,98.6,-74
5233,97.772,0.24,1.14,-1.13,0.10,-0.15,11.64,98.6,-74
5234,97.873,0.17,1.28,-1.27,0.05,-0.10,11.62,98.6,-74
5235,97.973,0.17,1.43,-1.42,0.10,-0.15,11.60,98.6,-74
5236,98.073,0.14,1.09,-1.08,0.10,-0.10,10.97,98.6,-74
5238,98.257,0.10,1.14,-1.13,0.10,-0.10,11.46,98.7,-74
5239,98.341,0.08,1.18,-1.18,0.10,-0.10,11.46,98.7,-74
5240,98.424,0.12,1.14,-1.13,0.10,-0.15,11.46,98.7,-74
5241,98.508,0.12,1.16,-1.13,0.15,-0.24,11.46,98.7,-74
5242,98.592,0.07,1.04,-1.03,0.15,-0.10,10.97,98.7,-74
5244,98.759,0.21,1.32,-1.27,0.20,-0.29,11.50,98.8,-75
5245,98.842,0.23,1.29,-1.27,0.15,-0.15,11.52,98.8,-75
5246,98.926,0.18,1.32,-1.27,0.29,-0.20,11.54,98.8,-75
5247,99.010,0.18,1.24,-1.22,0.20,-0.10,11.56,98.8,-75
5248,99.093,0.12,1.11,-1.08,0.20,-0.15,11.06,98.8,-75
5249,99.177,0.23,1.10,-1.08,0.20,-0.10,11.06,98.8,-75
5250,99.261,0.24,1.14,-1.13,0.10,-0.15,11.68,98.9,-72
5251,99.344,0.17,1.21,-1.18,0.15,-0.24,11.68,98.9,-72
5252,99.428,0.12,1.17,-1.13,0.20,-0.24,11.68,98.9,-72
5253,99.511,0.12,1.07,-1.03,0.20,-0.20,11.16,98.9,-72
5254,99.595,0.11,1.07,-1.03,0.24,-0.15,11.16,98.9,-72
5256,99.779,0.17,1.14,-1.13,0.10,-0.10,11.66,98.9,-75
5257,99.879,0.23,1.03,-1.03,0.10,-0.05,11.64,98.9,-75
5258,99.979,0.30,1.09,-1.08,0.10,-0.10,11.62,98.9,-75
5259,100.080,0.30,1.19,-1.18,0.15,-0.10,11.60,98.9,-75
5260,100.180,0.27,1.05,-1.03,0.15,-0.15,10.97,98.9,-75
5262,100.364,0.34,0.85,-0.83,0.05,-0.15,11.46,99.0,-72
5263,100.447,0.35,1.10,-1.08,0.05,-0.20,11.46,99.0,-72
5264,100.531,0.32,1.28,-1.27,0.05,-0.15,11.46,99.0,-72
5265,100.615,0.32,1.20,-1.18,0.00,-0.24,11.46,99.0,-72
5266,100.698,0.23,1.20,-1.18,0.10,-0.20,10.97,99.0,-72
5268,100.865,0.42,1.26,-1.22,0.24,-0.15,11.50,99.1,-72
5269,100.949,0.32,1.26,-1.22,0.20,-0.24,11.52,99.1,-72
5270,101.033,0.39,1.15,-1.13,0.15,-0.20,11.54,99.1,-72
5271,101.116,0.39,1.14,-1.13,0.10,-0.10,11.56,99.1,-72
5272,101.200,0.37,0.49,-0.44,0.15,-0.15,11.06,99.1,-72
5273,101.284,0.41,0.32,-0.15,0.24,-0.15,11.06,99.1,-72
5274,101.367,0.43,1.08,-1.08,0.05,0.00,11.68,99.1,-70
5275,101.451,0.43,1.03,-1.03,0.10,0.00,11.68,99.1,-70
5276,101.534,0.40,1.18,-1.18,0.05,-0.05,11.68,99.1,-70
5277,101.618,0.40,1.03,-1.03,0.05,-0.10,11.16,99.1,-70
5278,101.702,0.43,1.19,-1.18,0.05,-0.15,11.16,99.1,-70
5280,101.885,0.47,0.83,-0.83,-0.05,0.00,11.66,99.2,-74
5281,101.986,0.50,0.89,-0.88,-0.10,0.00,11.64,99.2,-74
5282,102.086,0.46,1.70,-1.67,-0.05,-0.34,11.62,99.2,-74
5283,102.186,0.46,1.53,-1.42,0.20,-0.54,11.60,99.2,-74
5284,102.286,0.36,1.32,-1.18,0.15,-0.59,10.97,99.2,-74
5286,102.470,0.44,0.99,-0.98,0.05,-0.15,11.46,99.2,-69
5287,102.554,0.39,1.03,-1.03,0.05,-0.10,11.46,99.2,-69
5288,102.638,0.45,1.18,-1.18,0.10,-0.05,11.46,99.2,-69
5289,102.721,0.45,1.19,-1.18,0.15,-0.05,11.46,99.2,-69
5290,102.805,0.46,1.31,-1.27,0.29,-0.10,10.97,99.2,-69
5292,102.972,0.61,1.06,-1.03,0.20,-0.15,11.50,99.3,-69
5293,103.056,0.57,1.11,-1.08,0.20,-0.15,11.52,99.3,-69
5294,103.139,0.51,1.11,-1.08,0.24,-0.15,11.54,99.3,-69
5295,103.223,0.51,1.11,-1.08,0.24,-0.15,11.56,99.3,-69
5296,103.307,0.43,0.94,-0.93,0.15,-0.05,11.06,99.3,-69
5297,103.390,0.41,1.15,-1.13,0.15,-0.15,11.06,99.3,-69
5298,103.474,0.47,1.06,-1.03,0.20,-0.15,11.68,99.3,-70
5299,103.557,0.49,1.02,-0.98,0.24,-0.15,11.68,99.3,-70
5300,103.641,0.49,0.92,-0.88,0.24,-0.10,11.68,99.3,-70
5301,103.725,0.49,0.96,-0.93,0.20,-0.10,11.16,99.3,-70
5302,103.808,0.45,0.96,-0.93,0.20,-0.10,11.16,99.3,-70
5304,103.992,0.56,1.08,-1.03,0.15,-0.29,11.66,99.3,-65
5305,104.092,0.46,1.05,-1.03,0.05,-0.20,11.64,99.3,-65
5306,104.193,0.44,0.96,-0.93,0.15,-0.20,11.62,99.3,-65
5307,104.293,0.44,1.00,-0.98,0.15,-0.10,11.08,99.3,-65
5308,104.393,0.42,1.05,-1.03,0.15,-0.15,11.06,99.3,-65
5310,104.577,0.43,1.13,-1.13,0.10,-0.05,11.56,99.4,-68
5311,104.661,0.32,1.15,-1.13,0.20,-0.10,11.56,99.4,-68
5312,104.744,0.29,1.05,-1.03,0.20,-0.10,11.56,99.4,-68
5313,104.828,0.29,1.06,-1.03,0.20,-0.15,11.56,99.4,-68
5314,104.911,0.18,1.05,-1.03,0.20,-0.05,11.56,99.4,-68
5316,105.078,0.34,1.09,-1.08,0.15,-0.10,11.46,99.4,-66
5317,105.162,0.27,0.99,-0.98,0.10,-0.10,11.46,99.4,-66
5318,105.245,0.27,1.11,-1.08,0.20,-0.15,11.46,99.4,-66
5319,105.329,0.27,1.06,-1.03,0.20,-0.15,11.46,99.4,-66
5320,105.412,0.38,1.00,-0.98,0.10,-0.15,11.46,99.4,-66
5322,105.579,0.56,1.15,-1.13,0.20,-0.15,11.39,99.5,-58
5323,105.663,0.47,1.09,-1.08,0.15,-0.10,11.40,99.5,-58
5324,105.747,0.42,1.10,-1.08,0.15,-0.15,11.42,99.5,-58
5325,105.830,0.42,1.06,-1.03,0.15,-0.20,11.44,99.5,-58
5326,105.914,0.38,1.10,-1.08,0.15,-0.15,11.46,99.5,-58
5327,105.997,0.37,1.10,-1.08,0.15,-0.15,10.97,99.5,-58
5328,106.081,0.42,1.14,-1.13,0.10,-0.15,11.58,99.5,-59
5329,106.165,0.40,1.15,-1.13,0.20,-0.10,11.58,99.5,-59
5330,106.248,0.43,0.99,-0.98,0.15,-0.05,11.58,99.5,-59
5331,106.332,0.43,0.86,-0.83,0.20,-0.05,11.58,99.5,-59
5332,106.415,0.32,0.80,-0.78,0.15,0.00,11.06,99.5,-59
5334,106.599,0.43,1.16,-1.13,0.15,-0.24,11.56,99.5,-55
5335,106.700,0.39,1.07,-1.03,0.20,-0.20,11.54,99.5,-55
5336,106.800,0.34,1.00,-0.98,0.10,-0.15,11.52,99.5,-55
5337,106.900,0.34,0.95,-0.93,0.10,-0.15,11.50,99.5,-55
5338,107.000,0.37,0.85,-0.83,0.05,-0.15,11.48,99.5,-55
5340,107.184,0.46,0.95,-0.93,0.20,0.00,11.37,99.5,-56
5341,107.268,0.45,0.95,-0.93,0.20,-0.05,11.37,99.5,-56
5342,107.351,0.45,1.20,-1.18,0.20,-0.15,11.37,99.5,-56
5343,107.435,0.45,1.16,-1.13,0.24,-0.10,11.37,99.5,-56
5344,107.519,0.40,1.11,-1.08,0.24,-0.05,11.37,99.5,-56
5346,107.686,0.45,1.04,-1.03,0.15,-0.05,11.38,99.6,-67
5347,107.769,0.44,1.01,-0.98,0.20,-0.15,11.40,99.6,-67
5348,107.853,0.49,1.24,-1.22,0.15,-0.15,11.42,99.6,-67
5349,107.937,0.49,1.24,-1.22,0.15,-0.15,11.44,99.6,-67
5350,108.020,0.47,1.26,-1.22,0.20,-0.20,11.46,99.6,-67
5351,108.104,0.47,1.20,-1.18,0.10,-0.24,10.97,99.6,-67
5352,108.188,0.57,1.25,-1.22,0.24,-0.05,11.58,99.6,-59
5353,108.271,0.53,1.30,-1.27,0.24,-0.10,11.58,99.6,-59
5354,108.355,0.48,1.15,-1.13,0.20,-0.15,11.58,99.6,-59
5355,108.438,0.48,1.28,-1.22,0.24,-0.29,11.58,99.6,-59
5356,108.522,0.46,1.20,-1.18,0.15,-0.20,11.06,99.6,-59
5358,108.706,0.61,1.12,-1.08,0.24,-0.20,11.56,99.6,-61
5359,108.806,0.50,1.23,-1.18,0.24,-0.24,11.54,99.6,-61
5360,108.906,0.53,1.38,-1.37,0.10,-0.15,11.52,99.6,-61
5361,109.007,0.53,1.13,-1.13,0.10,-0.05,11.50,99.6,-61
5362,109.107,0.44,0.93,-0.93,0.00,0.00,11.48,99.6,-61
5364,109.291,0.51,1.09,-1.08,0.10,-0.15,11.37,99.6,-66
5365,109.374,0.50,1.20,-1.18,0.10,-0.20,11.37,99.6,-66
5366,109.458,0.52,1.20,-1.18,0.05,-0.24,11.37,99.6,-66
5367,109.542,0.52,1.13,-1.13,0.10,-0.05,11.37,99.6,-66
5368,109.625,0.44,1.18,-1.18,0.10,-0.10,11.37,99.6,-66
5370,109.792,0.48,0.96,-0.93,0.20,-0.10,11.38,99.7,-56
5371,109.876,0.43,0.92,-0.88,0.24,-0.10,11.40,99.7,-56
5372,109.960,0.48,0.94,-0.88,0.24,-0.20,11.42,99.7,-56
5373,110.043,0.48,1.00,-0.93,0.34,-0.15,11.44,99.7,-56
5374,110.127,0.42,1.04,-0.98,0.29,-0.20,11.46,99.7,-56
5375,110.210,0.44,1.01,-0.93,0.29,-0.24,10.97,99.7,-56
5376,110.294,0.50,0.95,-0.93,0.15,-0.10,11.58,99.7,-63
5377,110.378,0.50,1.00,-0.98,0.10,-0.20,11.58,99.7,-63
5378,110.461,0.50,0.95,-0.93,0.10,-0.15,11.58,99.7,-63
5379,110.545,0.50,0.81,-0.78,0.15,-0.15,11.58,99.7,-63
5380,110.628,0.41,0.82,-0.74,0.10,-0.34,11.06,99.7,-63
5382,110.812,0.50,1.05,-1.03,0.20,0.00,11.56,99.7,-54
5383,110.913,0.41,1.08,-1.03,0.29,-0.15,11.54,99.7,-54
5384,111.013,0.45,1.08,-0.98,0.34,-0.29,11.52,99.7,-54
5385,111.113,0.45,0.86,-0.74,0.34,-0.29,11.50,99.7,-54
5386,111.213,0.30,0.84,-0.78,0.24,-0.20,11.48,99.7,-54
5388,111.397,0.33,1.37,-1.37,0.00,-0.05,11.37,99.7,-54
5389,111.481,0.29,1.03,-1.03,0.00,-0.05,11.37,99.7,-54
5390,111.564,0.30,0.83,-0.83,0.00,-0.05,11.37,99.7,-54
5391,111.648,0.30,0.98,-0.98,0.05,-0.05,11.37,99.7,-54
5392,111.732,0.25,1.32,-1.32,0.05,0.00,11.37,99.7,-54
5394,111.899,0.33,1.01,-0.88,0.34,-0.34,11.38,99.7,-57
5395,111.982,0.28,0.99,-0.88,0.34,-0.29,11.40,99.7,-57
5396,112.066,0.23,1.19,-1.13,0.24,-0.29,11.42,99.7,-57
5397,112.150,0.23,1.22,-1.18,0.20,-0.24,11.44,99.7,-57
5398,112.233,0.16,1.09,-1.08,0.10,-0.15,11.46,99.7,-57
5400,112.400,0.09,1.05,-1.03,0.10,-0.20,11.48,99.8,-59
5401,112.484,0.09,1.04,-1.03,0.10,-0.10,11.48,99.8,-59
5402,112.568,0.07,1.04,-1.03,0.10,-0.10,11.48,99.8,-59
5403,112.651,0.07,1.00,-0.98,0.15,-0.15,11.48,99.8,-59
5404,112.735,0.02,1.00,-0.98,0.15,-0.15,11.48,99.8,-59
5405,112.819,-0.01,1.05,-1.03,0.15,-0.15,10.97,99.8,-59
5406,112.902,0.06,1.05,-1.03,0.15,-0.15,11.58,99.8,-61
5407,112.986,0.00,0.99,-0.98,0.10,-0.10,11.58,99.8,-61
5408,113.069,0.07,1.05,-1.03,0.20,-0.10,11.58,99.8,-61
5409,113.153,0.07,1.05,-1.03,0.20,-0.10,11.58,99.8,-61
5410,113.237,0.06,1.00,-0.98,0.15,-0.15,11.58,99.8,-61
5412,113.420,0.11,1.00,-0.98,0.15,-0.15,11.46,99.8,-58
5413,113.521,0.11,1.04,-1.03,0.15,-0.10,11.44,99.8,-58
5414,113.621,0.14,1.04,-1.03,0.15,-0.10,11.42,99.8,-58
5415,113.721,0.14,1.04,-1.03,0.15,-0.10,11.40,99.8,-58
5416,113.821,0.08,1.04,-1.03,0.15,-0.10,11.38,99.8,-58
5418,114.005,0.09,1.04,-1.03,0.15,-0.10,11.38,99.8,-59
5419,114.089,0.07,1.10,-1.08,0.20,-0.10,11.40,99.8,-59
5420,114.172,0.07,1.15,-1.13,0.20,-0.15,11.42,99.8,-59
5421,114.256,0.07,1.11,-1.08,0.20,-0.15,11.44,99.8,-59
5422,114.340,0.03,1.00,-0.98,0.15,-0.15,11.46,99.8,-59
5424,114.507,0.10,1.10,-1.08,0.15,-0.15,11.48,99.8,-60
5425,114.590,0.07,1.05,-1.03,0.20,-0.10,11.48,99.8,-60
5426,114.674,0.01,1.11,-1.08,0.15,-0.24,11.48,99.8,-60
5427,114.758,0.01,0.99,-0.98,0.10,-0.10,11.48,99.8,-60
5428,114.841,-0.01,1.00,-0.98,0.15,-0.15,11.48,99.8,-60
5429,114.925,0.02,1.05,-1.03,0.15,-0.15,10.97,99.8,-60
5430,115.008,0.10,1.00,-0.98,0.15,-0.15,11.58,99.8,-60
5431,115.092,0.10,1.05,-1.03,0.15,-0.15,11.58,99.8,-60
5432,115.176,0.15,1.06,-1.03,0.15,-0.20,11.58,99.8,-60
5433,115.259,0.15,1.00,-0.98,0.10,-0.20,11.58,99.8,-60
5434,115.343,0.10,1.09,-1.08,0.15,-0.05,11.06,99.8,-60
5436,115.527,0.15,1.09,-1.08,0.15,-0.10,11.56,99.8,-61
5437,115.627,0.06,1.11,-1.08,0.20,-0.15,11.54,99.8,-61
5438,115.727,0.07,1.04,-1.03,0.05,-0.15,11.52,99.8,-61
5439,115.828,0.07,1.01,-0.98,0.15,-0.20,11.50,99.8,-61
5440,115.928,0.02,1.06,-1.03,0.15,-0.20,11.48,99.8,-61
5442,116.112,0.14,1.10,-1.08,0.20,-0.10,11.37,99.8,-60
5443,116.195,0.11,1.05,-1.03,0.15,-0.15,11.37,99.8,-60
5444,116.279,0.05,1.08,-1.03,0.20,-0.24,11.37,99.8,-60
5445,116.362,0.05,0.94,-0.93,0.10,-0.10,11.37,99.8,-60
5446,116.446,0.05,1.06,-1.03,0.15,-0.20,11.37,99.8,-60
5448,116.613,0.08,1.04,-1.03,0.10,-0.15,11.38,99.8,-64
5449,116.697,0.03,1.05,-1.03,0.15,-0.15,11.40,99.8,-64
5450,116.781,0.04,0.96,-0.93,0.15,-0.20,11.42,99.8,-64
5451,116.864,0.04,1.00,-0.98,0.15,-0.15,11.44,99.8,-64
5452,116.948,0.08,1.04,-1.03,0.15,-0.10,11.46,99.8,-64
5453,117.032,0.09,1.10,-1.08,0.15,-0.15,10.97,99.8,-64
5454,117.115,0.09,1.00,-0.98,0.15,-0.15,11.58,99.9,-66
5455,117.199,0.08,1.00,-0.98,0.15,-0.15,11.58,99.9,-66
5456,117.283,0.07,1.04,-1.03,0.15,-0.10,11.58,99.9,-66
5457,117.366,0.07,0.98,-0.93,0.20,-0.24,11.58,99.9,-66
5458,117.450,-0.01,1.05,-1.03,0.15,-0.15,11.06,99.9,-66
5459,117.533,0.08,1.04,-1.03,0.10,-0.10,11.06,99.9,-66
5460,117.634,0.10,1.12,-1.08,0.20,-0.24,11.66,99.9,-67
5461,117.734,0.09,1.05,-1.03,0.15,-0.15,11.64,99.9,-67
5462,117.834,0.04,1.09,-1.08,0.10,-0.15,11.62,99.9,-67
5463,117.934,0.04,1.09,-1.08,0.10,-0.15,11.60,99.9,-67
5464,118.035,0.02,1.09,-1.08,0.10,-0.10,10.97,99.9,-67
5466,118.219,0.00,1.06,-1.03,0.20,-0.15,11.46,99.9,-67
5467,118.302,0.02,1.06,-1.03,0.15,-0.20,11.46,99.9,-67
5468,118.386,0.04,1.06,-1.03,0.15,-0.20,11.46,99.9,-67
5469,118.469,0.04,1.06,-1.03,0.20,-0.15,11.46,99.9,-67
5470,118.553,-0.01,1.05,-1.03,0.20,-0.10,10.97,99.9,-67
5472,118.720,0.04,1.01,-0.98,0.15,-0.20,11.50,99.9,-69
5473,118.804,0.04,1.04,-1.03,0.10,-0.10,11.52,99.9,-69
5474,118.887,0.07,1.04,-1.03,0.05,-0.15,11.54,99.9,-69
5475,118.971,0.07,1.05,-1.03,0.15,-0.15,11.56,99.9,-69
5476,119.054,-0.03,1.05,-1.03,0.15,-0.15,11.06,99.9,-69
5477,119.137,-0.09,1.00,-0.98,0.10,-0.15,11.06,99.9,-69
5478,119.221,0.07,1.04,-1.03,0.10,-0.10,11.68,99.9,-65
5479,119.305,0.03,1.04,-1.03,0.15,-0.10,11.68,99.9,-65
5480,119.388,0.03,1.06,-1.03,0.20,-0.15,11.68,99.9,-65
5481,119.472,0.03,1.01,-0.98,0.15,-0.20,11.16,99.9,-65
5482,119.556,0.01,1.04,-1.03,0.15,-0.10,11.16,99.9,-65
5484,119.739,0.06,1.00,-0.98,0.15,-0.10,11.66,99.9,-63
5485,119.840,-0.09,1.00,-0.98,0.15,-0.10,11.64,99.9,-63
5486,119.940,-0.04,1.10,-1.08,0.15,-0.15,11.62,99.9,-63
5487,120.040,-0.04,1.04,-1.03,0.10,-0.10,11.60,99.9,-63
5488,120.141,-0.07,1.10,-1.08,0.15,-0.15,10.97,99.9,-63
5490,120.324,0.04,1.05,-1.03,0.15,-0.15,11.46,99.9,-63
5491,120.408,0.04,1.06,-1.03,0.20,-0.15,11.46,99.9,-63
5492,120.492,0.08,1.00,-0.98,0.15,-0.15,11.46,99.9,-63
5493,120.575,0.08,1.10,-1.08,0.15,-0.15,11.46,99.9,-63
5494,120.659,0.03,1.05,-1.03,0.20,-0.10,10.97,99.9,-63
5496,120.826,0.02,0.99,-0.98,0.10,-0.10,11.50,99.9,-60
5497,120.910,0.03,1.04,-1.03,0.15,-0.10,11.52,99.9,-60
5498,120.994,0.02,1.04,-1.03,0.15,-0.10,11.54,99.9,-60
5499,121.077,0.02,1.11,-1.08,0.20,-0.15,11.56,99.9,-60
5500,121.161,-0.01,1.05,-1.03,0.15,-0.15,11.06,99.9,-60
5501,121.245,-0.02,1.05,-1.03,0.20,-0.10,11.06,99.9,-60
5502,121.328,0.03,1.00,-0.98,0.15,-0.15,11.06,99.9,-65
5503,121.412,0.05,0.96,-0.93,0.15,-0.20,11.06,99.9,-65
5504,121.495,0.01,1.09,-1.08,0.15,-0.10,11.06,99.9,-65
5505,121.579,0.01,1.04,-1.03,0.15,-0.05,10.54,99.9,-65
5506,121.663,-0.02,1.10,-1.08,0.20,-0.10,10.54,99.9,-65
5507,121.746,-0.01,1.15,-1.13,0.15,-0.20,11.16,94.4,-65
5514,121.930,0.03,0.98,-0.98,0.00,-0.05,11.04,94.4,-56
5515,122.113,0.01,1.13,-1.13,0.05,-0.05,10.93,94.4,-56
5516,122.297,0.05,1.18,-1.18,0.10,-0.10,10.31,94.4,-56
5517,122.480,0.05,1.24,-1.22,0.20,-0.05,10.20,94.4,-56
5518,122.663,0.00,1.07,-1.03,0.29,-0.10,10.70,94.7,-56
5519,122.847,-0.07,0.87,-0.83,0.24,0.00,10.59,94.7,-56
5520,122.931,-0.03,1.07,-1.03,0.24,-0.15,10.59,94.7,-54
5521,123.014,-0.08,1.07,-1.03,0.24,-0.15,10.59,94.7,-54
5522,123.098,-0.11,1.00,-0.98,0.15,-0.10,10.00,94.7,-54
5523,123.181,-0.11,1.02,-0.98,0.20,-0.20,10.59,95.0,-54
5524,123.265,-0.17,1.00,-0.98,0.10,-0.15,10.59,95.0,-54
5525,123.349,-0.16,1.04,-1.03,0.10,-0.10,10.59,95.0,-54
5526,123.432,-0.02,1.08,-1.08,0.10,0.00,10.59,95.0,-54
5527,123.516,-0.11,1.04,-1.03,0.15,-0.10,10.10,95.0,-54
5528,123.600,-0.11,1.09,-1.08,0.10,-0.10,10.72,95.3,-54
5529,123.683,-0.11,1.04,-1.03,0.10,-0.15,10.73,95.3,-54
5530,123.767,-0.09,1.10,-1.08,0.15,-0.15,10.75,95.3,-54
5531,123.851,-0.06,1.10,-1.08,0.15,-0.15,10.77,95.3,-54
5532,123.934,-0.07,1.00,-0.98,0.20,-0.10,10.27,95.3,-54
5533,124.018,-0.01,1.01,-0.98,0.20,-0.15,10.27,95.3,-54
5534,124.101,-0.05,1.10,-1.08,0.20,-0.10,10.88,95.6,-54
5535,124.185,-0.05,1.11,-1.08,0.20,-0.15,10.88,95.6,-54
5536,124.269,-0.10,1.15,-1.13,0.15,-0.15,10.88,95.6,-54
5537,124.352,-0.09,1.09,-1.08,0.15,-0.10,10.36,95.6,-54
5538,124.453,-0.07,1.05,-1.03,0.15,-0.15,10.34,95.6,-53
5539,124.553,-0.04,0.95,-0.93,0.15,-0.15,10.93,95.9,-53
5540,124.653,-0.09,1.04,-1.03,0.10,-0.10,10.91,95.9,-53
5541,124.753,-0.09,1.00,-0.98,0.20,-0.05,10.90,95.9,-53
5542,124.854,-0.11,1.00,-0.98,0.15,-0.10,10.88,95.9,-53
5543,124.954,-0.05,1.01,-0.98,0.15,-0.20,10.26,95.9,-53
5544,125.037,0.04,1.10,-1.08,0.20,-0.10,10.86,96.1,-53
5545,125.121,0.02,1.01,-0.98,0.20,-0.15,10.86,96.1,-53
5546,125.205,-0.04,1.04,-1.03,0.15,-0.10,10.86,96.1,-53
5547,125.288,-0.04,1.04,-1.03,0.15,-0.10,10.86,96.1,-53
5548,125.372,-0.16,1.10,-1.08,0.20,-0.10,10.36,96.1,-53
5550,125.539,-0.01,1.04,-1.03,0.15,-0.10,10.90,96.3,-54
5551,125.623,0.00,1.05,-1.03,0.20,-0.10,10.91,96.3,-54
5552,125.707,-0.06,1.11,-1.08,0.20,-0.15,10.93,96.3,-54
5553,125.790,-0.06,1.10,-1.08,0.15,-0.15,10.95,96.3,-54
5554,125.874,-0.08,1.06,-1.03,0.15,-0.20,10.45,96.3,-54
5555,125.957,-0.06,1.05,-1.03,0.10,-0.20,10.45,96.3,-54
5556,126.041,0.00,1.10,-1.08,0.15,-0.15,11.06,96.5,-53
5557,126.125,-0.07,1.01,-0.98,0.15,-0.20,11.06,96.5,-53
5558,126.208,-0.04,1.04,-1.03,0.15,-0.05,11.06,96.5,-53
5559,126.292,-0.04,1.05,-1.03,0.15,-0.15,10.54,96.5,-53
5560,126.376,-0.15,0.95,-0.93,0.15,-0.10,10.54,96.5,-53
5562,126.559,-0.14,1.04,-1.03,0.15,-0.10,11.04,96.7,-53
5563,126.660,-0.14,1.00,-0.98,0.10,-0.20,11.03,96.7,-53
5564,126.760,-0.09,1.09,-1.08,0.10,-0.15,11.01,96.7,-53
5565,126.860,-0.09,1.15,-1.13,0.20,-0.10,10.99,96.7,-53
5566,126.960,-0.11,1.05,-1.03,0.20,-0.10,10.36,96.7,-53
5568,127.144,-0.02,1.04,-1.03,0.15,-0.10,10.86,96.9,-53
5569,127.228,-0.06,0.95,-0.93,0.10,-0.15,10.86,96.9,-53
5570,127.312,-0.07,1.09,-1.08,0.15,-0.10,10.86,96.9,-53
5571,127.395,-0.07,1.05,-1.03,0.10,-0.20,10.86,96.9,-53
5572,127.479,-0.11,1.05,-1.03,0.20,-0.10,10.86,96.9,-53
5574,127.646,-0.05,1.00,-0.98,0.20,-0.10,10.79,97.1,-54
5575,127.730,-0.13,1.04,-1.03,0.15,-0.10,10.80,97.1,-54
5576,127.813,-0.17,1.05,-1.03,0.20,-0.10,10.82,97.1,-54
5577,127.897,-0.17,1.00,-0.98,0.15,-0.15,10.84,97.1,-54
5578,127.981,-0.15,1.04,-1.03,0.10,-0.10,10.86,97.1,-54
5579,128.064,-0.13,1.00,-0.98,0.15,-0.10,10.36,97.1,-54
5580,128.148,-0.03,1.10,-1.08,0.10,-0.20,10.97,97.3,-54
5581,128.232,-0.08,1.09,-1.08,0.10,-0.10,10.97,97.3,-54
5582,128.315,-0.10,1.00,-0.98,0.15,-0.15,10.97,97.3,-54
5583,128.399,-0.10,1.06,-1.03,0.15,-0.20,10.97,97.3,-54
5584,128.482,-0.10,1.05,-1.03,0.15,-0.15,10.45,97.3,-54
5586,128.666,-0.10,1.09,-1.08,0.15,-0.10,10.95,97.4,-54
5587,128.767,-0.08,1.00,-0.98,0.15,-0.10,10.93,97.4,-54
5588,128.867,-0.13,1.05,-1.03,0.15,-0.15,10.91,97.4,-54
5589,128.967,-0.13,1.06,-1.03,0.20,-0.15,10.89,97.4,-54
5590,129.067,-0.23,1.04,-1.03,0.15,-0.10,10.88,97.4,-54
5592,129.251,-0.19,1.02,-0.98,0.20,-0.20,10.77,97.6,-53
5593,129.335,-0.24,1.04,-1.03,0.10,-0.15,10.77,97.6,-53
5594,129.419,-0.22,1.06,-1.03,0.20,-0.15,10.77,97.6,-53
5595,129.502,-0.22,1.01,-0.98,0.20,-0.15,10.77,97.6,-53
5596,129.586,-0.19,1.04,-1.03,0.10,-0.15,10.77,97.6,-53
5598,129.753,-0.18,1.00,-0.98,0.10,-0.15,10.79,97.7,-54
5599,129.837,-0.25,1.05,-1.03,0.15,-0.15,10.80,97.7,-54
5600,129.920,-0.27,1.05,-1.03,0.15,-0.15,10.82,97.7,-54
5601,130.004,-0.27,1.05,-1.03,0.20,-0.05,10.84,97.7,-54
5602,130.087,-0.26,1.05,-1.03,0.15,-0.15,10.86,97.7,-54
5603,130.171,-0.28,1.05,-1.03,0.10,-0.20,10.36,97.7,-54
5604,130.255,-0.24,1.05,-1.03,0.10,-0.20,10.97,97.9,-55
5605,130.338,-0.19,1.05,-1.03,0.15,-0.15,10.97,97.9,-55
5606,130.422,-0.20,1.04,-1.03,0.10,-0.15,10.97,97.9,-55
5607,130.506,-0.20,1.04,-1.03,0.15,-0.10,10.97,97.9,-55
5608,130.589,-0.18,0.99,-0.98,0.10,-0.10,10.45,97.9,-55
5610,130.773,-0.10,1.05,-1.03,0.15,-0.15,10.95,98.0,-53
5611,130.873,-0.19,1.10,-1.08,0.15,-0.15,10.93,98.0,-53
5612,130.974,-0.08,1.10,-1.08,0.15,-0.15,10.91,98.0,-53
5613,131.074,-0.08,1.10,-1.08,0.15,-0.15,10.89,98.0,-53
5614,131.174,-0.07,1.05,-1.03,0.15,-0.15,10.88,98.0,-53
5616,131.358,0.02,1.05,-1.03,0.20,-0.10,11.37,98.1,-51
5617,131.442,-0.04,1.00,-0.98,0.20,-0.10,11.37,98.1,-51
5618,131.525,-0.04,1.04,-1.03,0.15,-0.10,11.37,98.1,-51
5619,131.609,-0.04,1.06,-1.03,0.20,-0.15,11.37,98.1,-51
5620,131.693,-0.01,1.04,-1.03,0.15,-0.10,11.37,98.1,-51
5622,131.860,-0.01,1.00,-0.98,0.20,-0.10,11.27,98.2,-52
5623,131.944,-0.02,1.06,-1.03,0.20,-0.15,11.38,98.2,-52
5624,132.027,-0.03,1.04,-1.03,0.15,-0.10,11.50,98.2,-52
5625,132.111,-0.03,1.05,-1.03,0.15,-0.15,11.62,98.2,-52
5626,132.195,-0.05,1.00,-0.98,0.20,-0.05,11.73,98.2,-52
5627,132.278,-0.02,1.00,-0.98,0.15,-0.10,11.23,98.2,-52
5628,132.362,-0.06,1.09,-1.08,0.10,-0.15,11.98,98.3,-52
5629,132.445,-0.08,1.04,-1.03,0.15,-0.10,11.98,98.3,-52
5630,132.529,-0.08,1.10,-1.08,0.20,-0.10,11.98,98.3,-52
5631,132.612,-0.08,1.05,-1.03,0.20,-0.10,11.98,98.3,-52
5632,132.696,-0.12,1.05,-1.03,0.15,-0.15,11.35,98.3,-52
5634,132.880,-0.04,1.04,-1.03,0.05,-0.15,11.86,98.4,-56
5635,132.980,0.03,1.09,-1.08,0.05,-0.15,11.84,98.4,-56
5636,133.080,-0.06,1.29,-1.27,0.10,-0.15,11.82,98.4,-56
5637,133.181,-0.06,1.39,-1.37,0.10,-0.20,11.80,98.4,-56
5638,133.281,-0.19,1.19,-1.18,0.10,-0.15,11.16,98.4,-56
5640,133.465,-0.08,1.09,-1.08,0.10,-0.10,11.65,98.5,-55
5641,133.549,-0.13,1.00,-0.98,0.15,-0.15,11.65,98.5,-55
5642,133.632,-0.05,1.05,-1.03,0.15,-0.15,11.65,98.5,-55
5643,133.716,-0.05,0.96,-0.93,0.15,-0.20,11.65,98.5,-55
5644,133.799,-0.04,1.01,-0.98,0.15,-0.20,11.65,98.5,-55
5646,133.967,0.09,0.97,-0.93,0.24,-0.10,11.56,98.6,-54
5647,134.050,0.08,0.96,-0.93,0.20,-0.10,11.56,98.6,-54
5648,134.134,0.05,0.80,-0.78,0.15,-0.10,11.56,98.6,-54
5649,134.217,0.05,0.91,-0.88,0.15,-0.15,11.56,98.6,-54
5650,134.301,0.04,0.92,-0.88,0.10,-0.24,11.58,98.6,-54
5652,134.468,0.07,1.04,-1.03,0.15,-0.10,11.50,98.7,-53
5653,134.552,0.16,1.04,-1.03,0.15,-0.10,11.52,98.7,-53
5654,134.636,0.20,1.10,-1.08,0.15,-0.15,11.54,98.7,-53
5655,134.719,0.20,1.12,-1.08,0.20,-0.24,11.56,98.7,-53
5656,134.803,0.23,1.06,-1.03,0.20,-0.15,11.57,98.7,-53
5657,134.887,0.23,1.06,-1.03,0.20,-0.15,10.97,98.7,-53
5658,134.970,0.34,0.95,-0.93,0.20,-0.05,11.57,98.8,-51
5659,135.054,0.29,1.00,-0.98,0.20,-0.05,11.57,98.8,-51
5660,135.137,0.33,1.00,-0.98,0.20,-0.10,11.57,98.8,-51
5661,135.221,0.33,1.09,-1.08,0.15,-0.10,11.57,98.8,-51
5662,135.305,0.35,1.01,-0.98,0.15,-0.20,11.06,98.8,-51
5663,135.388,0.38,1.02,-0.98,0.24,-0.15,11.06,98.8,-51
5664,135.488,0.40,0.96,-0.93,0.20,-0.15,11.65,98.8,-55
5665,135.588,0.47,0.96,-0.93,0.24,-0.05,11.63,98.8,-55
5666,135.689,0.45,0.91,-0.88,0.20,-0.10,11.62,98.8,-55
5667,135.789,0.45,1.12,-1.08,0.29,-0.05,11.60,98.8,-55
5668,135.889,0.42,1.16,-1.13,0.24,-0.10,10.97,98.8,-55
5670,136.072,0.52,1.06,-1.03,0.20,-0.15,11.46,98.9,-51
5671,136.156,0.48,1.03,-0.98,0.24,-0.20,11.46,98.9,-51
5672,136.240,0.48,0.96,-0.93,0.20,-0.15,11.46,98.9,-51
5673,136.323,0.48,0.97,-0.93,0.20,-0.20,11.46,98.9,-51
5674,136.407,0.38,1.09,-1.08,0.10,-0.10,10.97,98.9,-51
5676,136.574,0.46,1.09,-1.08,0.05,-0.15,11.50,99.0,-54
5677,136.658,0.32,1.00,-0.98,0.15,-0.15,11.52,99.0,-54
5678,136.741,0.34,0.95,-0.93,0.15,-0.10,11.54,99.0,-54
5679,136.825,0.34,1.00,-0.98,0.15,-0.15,11.56,99.0,-54
5680,136.909,0.32,1.04,-1.03,0.15,-0.10,11.06,99.0,-54
5681,136.992,0.30,1.01,-0.98,0.24,-0.10,11.06,99.0,-54
5682,137.076,0.38,1.16,-1.13,0.24,-0.15,11.68,99.0,-48
5683,137.159,0.32,1.11,-1.08,0.20,-0.15,11.68,99.0,-48
5684,137.243,0.28,0.96,-0.93,0.20,-0.10,11.68,99.0,-48
5685,137.327,0.28,1.07,-1.03,0.20,-0.20,11.16,99.0,-48
5686,137.410,0.22,1.22,-1.18,0.24,-0.20,11.16,99.0,-48
5688,137.594,0.27,1.05,-1.03,0.10,-0.20,11.66,99.1,-54
5689,137.694,0.24,0.99,-0.98,0.10,-0.10,11.64,99.1,-54
5690,137.795,0.25,1.05,-1.03,0.15,-0.15,11.62,99.1,-54
5691,137.895,0.25,0.95,-0.93,0.15,-0.15,11.60,99.1,-54
5692,137.995,0.26,0.94,-0.93,0.10,-0.10,10.97,99.1,-54
5694,138.179,0.39,1.26,-1.22,0.29,0.00,11.46,99.1,-49
5695,138.263,0.33,1.30,-1.27,0.24,0.00,11.46,99.1,-49
5696,138.346,0.25,1.26,-1.22,0.29,0.00,11.46,99.1,-49
5697,138.430,0.25,1.21,-1.18,0.29,0.05,11.46,99.1,-49
5698,138.514,0.20,1.17,-1.13,0.29,0.10,10.97,99.1,-49
5700,138.681,0.24,0.94,-0.93,0.10,-0.05,11.50,99.2,-53
5701,138.764,0.17,0.91,-0.88,0.15,-0.15,11.52,99.2,-53
5702,138.848,0.19,0.89,-0.88,0.05,-0.10,11.54,99.2,-53
5703,138.932,0.19,0.88,-0.88,0.05,-0.05,11.56,99.2,-53
5704,139.015,0.16,0.85,-0.83,0.15,-0.10,11.06,99.2,-53
5705,139.099,0.15,0.84,-0.83,0.10,-0.05,11.06,99.2,-53
5706,139.182,0.24,1.35,-1.32,0.00,-0.29,11.68,99.2,-47
5707,139.266,0.23,1.29,-1.27,0.00,-0.20,11.68,99.2,-47
5708,139.350,0.16,1.28,-1.27,0.05,-0.15,11.68,99.2,-47
5709,139.433,0.16,1.23,-1.22,0.05,-0.15,11.16,99.2,-47
5710,139.517,0.12,1.09,-1.08,0.15,-0.10,11.16,99.2,-47
5712,139.701,0.16,1.07,-1.03,0.29,-0.05,11.66,99.3,-44
5713,139.801,0.11,1.09,-1.03,0.34,-0.10,11.64,99.3,-44
5714,139.901,0.07,1.06,-0.98,0.39,-0.10,11.62,99.3,-44
5715,140.002,0.07,0.97,-0.88,0.39,-0.10,11.60,99.3,-44
5716,140.102,-0.02,0.95,-0.83,0.44,-0.15,10.97,99.3,-44
5718,140.286,0.03,2.69,-2.60,-0.10,-0.69,11.46,99.3,-44
5719,140.369,-0.08,0.88,-0.78,0.10,-0.39,11.46,99.3,-44
5720,140.453,-0.10,0.33,-0.29,0.05,-0.15,11.46,99.3,-44
5721,140.537,-0.10,1.05,-1.03,-0.05,0.20,11.46,99.3,-44
5722,140.620,-0.11,1.13,-1.13,0.05,0.10,10.97,99.3,-44
5724,140.787,-0.19,0.89,-0.74,-0.44,0.24,11.50,99.4,-47
5725,140.871,-0.20,0.92,-0.78,-0.39,0.29,11.52,99.4,-47
5726,140.955,-0.23,0.90,-0.78,-0.10,0.44,11.54,99.4,-47
5727,141.038,-0.23,0.90,-0.78,-0.05,0.44,11.56,99.4,-47
5728,141.122,-0.26,0.86,-0.83,0.05,0.20,11.06,99.4,-47
5729,141.206,-0.25,0.91,-0.88,0.10,0.20,11.06,99.4,-47
5730,141.289,-0.20,0.80,-0.64,-0.29,0.39,11.68,99.4,-47
5731,141.373,-0.20,0.97,-0.64,-0.59,0.44,11.68,99.4,-47
5732,141.456,-0.18,0.92,-0.64,-0.59,0.29,11.68,99.4,-47
5733,141.540,-0.18,0.93,-0.69,-0.49,0.39,11.16,99.4,-47
5734,141.624,-0.23,0.93,-0.59,-0.34,0.64,11.16,99.4,-47
5736,141.808,-0.17,0.70,-0.24,-0.15,0.64,11.66,99.4,-55
5737,141.908,-0.17,0.78,-0.15,-0.34,0.69,11.64,99.4,-55
5738,142.008,-0.18,0.76,-0.20,-0.44,0.59,11.62,99.4,-55
5739,142.108,-0.18,0.65,-0.34,-0.44,0.34,11.60,99.4,-55
5740,142.208,-0.31,0.52,-0.20,-0.34,0.34,10.97,99.4,-55
5742,142.392,-0.30,0.74,0.00,-0.74,0.05,11.46,99.5,-59
5743,142.476,-0.41,0.74,0.00,-0.74,0.05,11.46,99.5,-59
5744,142.560,-0.42,0.74,0.00,-0.74,0.10,11.46,99.5,-59
5745,142.643,-0.42,0.69,0.00,-0.69,0.05,11.46,99.5,-59
5746,142.727,-0.48,0.64,-0.05,-0.64,0.05,10.97,99.5,-59
5748,142.894,-0.33,0.74,-0.05,-0.74,0.05,11.50,99.5,-59
5749,142.977,-0.34,0.74,0.00,-0.74,0.05,11.52,99.5,-59
5750,143.061,-0.40,0.74,0.00,-0.74,0.05,11.54,99.5,-59
5751,143.145,-0.40,0.74,0.00,-0.74,0.00,11.56,99.5,-59
5752,143.228,-0.38,0.69,0.00,-0.69,0.00,11.06,99.5,-59
5754,143.395,-0.39,0.74,0.00,-0.74,0.00,11.58,99.5,-42
5755,143.479,-0.47,0.74,0.00,-0.74,0.05,11.58,99.5,-42
5756,143.563,-0.47,0.74,0.00,-0.74,0.05,11.58,99.5,-42
5757,143.646,-0.53,0.84,0.00,-0.83,0.10,11.58,99.5,-42
5758,143.730,-0.54,0.94,0.00,-0.93,0.10,11.06,99.5,-42
5759,143.814,-0.47,1.07,-0.05,-1.03,0.29,11.06,99.5,-42
5760,143.897,-0.44,1.14,-1.13,-0.15,0.10,11.68,99.6,-67
5761,143.981,-0.43,1.58,-1.57,-0.15,0.10,11.68,99.6,-67
5762,144.064,-0.43,1.18,-1.18,0.00,-0.05,11.68,99.6,-67
5763,144.148,-0.43,0.90,-0.88,0.15,-0.05,11.16,99.6,-67
5764,144.231,-0.42,1.07,-0.74,0.44,0.64,11.16,99.6,-67
5766,144.415,-0.27,1.13,-1.13,0.00,0.00,11.66,99.6,-52
5767,144.515,-0.14,1.03,-1.03,0.00,-0.10,11.64,99.6,-52
5768,144.616,-0.14,0.94,-0.93,0.00,-0.10,11.62,99.6,-52
5769,144.716,-0.11,0.88,-0.88,0.00,-0.05,11.60,99.6,-52
5770,144.816,-0.08,0.95,-0.69,0.29,-0.59,10.97,99.6,-52
5772,145.000,-0.09,1.25,-1.22,0.24,0.00,11.46,99.6,-49
5773,145.084,-0.07,1.13,-1.08,0.29,0.15,11.46,99.6,-49
5774,145.167,0.02,1.23,-1.18,0.29,0.20,11.46,99.6,-49
5775,145.251,0.02,1.26,-1.22,0.29,0.05,11.46,99.6,-49
5776,145.334,-0.02,1.21,-1.18,0.00,-0.29,11.46,99.6,-49
5778,145.502,-0.04,0.85,-0.83,-0.15,-0.10,11.38,99.6,-58
5779,145.585,-0.07,0.89,-0.88,-0.10,-0.10,11.40,99.6,-58
5780,145.669,-0.08,0.89,-0.88,-0.10,-0.10,11.42,99.6,-58
5781,145.752,-0.08,0.89,-0.88,-0.10,-0.05,11.44,99.6,-58
5782,145.836,-0.10,0.90,-0.88,-0.15,-0.10,11.46,99.6,-58
5784,146.003,-0.02,1.01,-0.98,-0.05,-0.24,11.48,99.7,-58
5785,146.087,-0.03,0.99,-0.98,-0.05,-0.15,11.48,99.7,-58
5786,146.170,0.01,0.90,-0.88,-0.05,-0.20,11.48,99.7,-58
5787,146.254,0.01,0.96,-0.93,-0.05,-0.24,11.48,99.7,-58
5788,146.337,0.07,1.00,-0.98,0.00,-0.20,11.48,99.7,-58
5790,146.505,0.12,1.02,-0.98,-0.05,-0.29,11.48,99.7,-55
5791,146.588,0.09,1.00,-0.98,0.00,-0.20,11.48,99.7,-55
5792,146.672,0.14,1.00,-0.98,0.00,-0.20,11.48,99.7,-55
5793,146.755,0.14,1.01,-0.98,-0.05,-0.24,11.48,99.7,-55
5794,146.839,0.07,0.99,-0.98,-0.05,-0.15,11.48,99.7,-55
5796,147.023,0.09,1.05,-1.03,-0.10,-0.20,11.96,99.7,-53
5797,147.123,0.04,1.00,-0.98,-0.05,-0.20,11.35,99.7,-53
5798,147.223,0.05,0.94,-0.93,0.00,-0.10,11.33,99.7,-53
5799,147.324,0.05,0.92,-0.88,0.20,-0.15,11.31,99.7,-53
5800,147.424,0.05,1.24,-1.08,-0.59,-0.20,11.29,99.7,-53
5802,147.608,0.08,0.98,-0.98,-0.05,0.00,11.77,99.7,-52
5803,147.691,0.02,1.03,-1.03,0.00,0.00,11.29,99.7,-52
5804,147.775,-0.07,0.93,-0.93,0.00,-0.05,11.31,99.7,-52
5805,147.858,-0.07,1.03,-1.03,0.00,-0.05,11.33,99.7,-52
5806,147.942,-0.14,1.03,-1.03,0.05,0.00,11.35,99.7,-52
5808,148.109,0.05,0.98,-0.98,0.00,0.00,11.86,99.7,-52
5809,148.193,0.02,0.93,-0.93,0.00,0.05,11.38,99.7,-52
5810,148.276,0.02,0.88,-0.88,0.00,-0.05,11.38,99.7,-52
5811,148.360,-0.05,0.98,-0.98,-0.05,0.00,11.38,99.7,-52
5812,148.444,-0.08,1.03,-1.03,0.00,-0.05,11.38,99.7,-52
5813,148.527,-0.03,0.88,-0.88,-0.05,0.00,11.38,99.7,-52
5814,148.611,-0.01,1.14,-1.13,0.00,-0.15,11.48,99.7,-53
5815,148.694,-0.03,0.95,-0.93,0.10,-0.15,11.48,99.7,-53
5816,148.778,-0.02,1.03,-1.03,0.05,-0.10,11.48,99.7,-53
5817,148.861,-0.02,0.95,-0.93,0.05,-0.20,11.48,99.7,-53
5818,148.945,-0.01,1.20,-1.18,0.24,-0.10,11.48,99.7,-53
5820,149.129,0.03,1.30,-1.18,0.39,-0.39,11.96,99.8,-52
5821,149.229,0.04,1.45,-1.18,0.20,-0.83,11.35,99.8,-52
5822,149.329,0.05,1.48,-1.22,0.10,-0.83,11.33,99.8,-52
5823,149.430,0.05,1.29,-1.22,0.20,-0.34,11.31,99.8,-52
5824,149.530,0.00,1.06,-1.03,0.20,-0.15,11.29,99.8,-52
5826,149.714,0.14,0.88,-0.83,0.29,0.00,11.77,99.8,-52
5827,149.797,0.10,0.95,-0.88,0.34,-0.10,11.29,99.8,-52
5828,149.881,0.03,1.04,-0.98,0.34,-0.05,11.31,99.8,-52
5829,149.965,0.03,0.88,-0.83,0.29,-0.05,11.33,99.8,-52
